baseline,language,taskset,execution,platform,seq_rand,nrow,time
DefaultJava,Java,True,Total,Single,Sequential,10000000,1049.50
DefaultJava,Java,True,CPU,Single,Sequential,10000000,1020.53
DefaultJava,Java,True,IO,Single,Sequential,10000000,28.96
DefaultJava,Java,True,Total,Single,Sequential,9000000,999.14
DefaultJava,Java,True,CPU,Single,Sequential,9000000,984.57
DefaultJava,Java,True,IO,Single,Sequential,9000000,14.58
DefaultJava,Java,True,Total,Single,Sequential,8000000,868.85
DefaultJava,Java,True,CPU,Single,Sequential,8000000,855.61
DefaultJava,Java,True,IO,Single,Sequential,8000000,13.24
DefaultJava,Java,True,Total,Single,Sequential,7000000,739.44
DefaultJava,Java,True,CPU,Single,Sequential,7000000,727.51
DefaultJava,Java,True,IO,Single,Sequential,7000000,11.93
DefaultJava,Java,True,Total,Single,Sequential,6000000,623.60
DefaultJava,Java,True,CPU,Single,Sequential,6000000,612.69
DefaultJava,Java,True,IO,Single,Sequential,6000000,10.91
DefaultJava,Java,True,Total,Single,Sequential,5000000,521.15
DefaultJava,Java,True,CPU,Single,Sequential,5000000,511.37
DefaultJava,Java,True,IO,Single,Sequential,5000000,9.78
DefaultJava,Java,True,Total,Single,Sequential,4000000,424.47
DefaultJava,Java,True,CPU,Single,Sequential,4000000,416.04
DefaultJava,Java,True,IO,Single,Sequential,4000000,8.43
DefaultJava,Java,True,Total,Single,Sequential,3000000,312.44
DefaultJava,Java,True,CPU,Single,Sequential,3000000,304.99
DefaultJava,Java,True,IO,Single,Sequential,3000000,7.45
DefaultJava,Java,True,Total,Single,Sequential,2000000,213.81
DefaultJava,Java,True,CPU,Single,Sequential,2000000,207.49
DefaultJava,Java,True,IO,Single,Sequential,2000000,6.33
DefaultJava,Java,True,Total,Single,Sequential,1000000,107.27
DefaultJava,Java,True,CPU,Single,Sequential,1000000,102.79
DefaultJava,Java,True,IO,Single,Sequential,1000000,4.48
DefaultJava,Java,False,Total,Single,Sequential,10000000,869.80
DefaultJava,Java,False,CPU,Single,Sequential,10000000,842.49
DefaultJava,Java,False,IO,Single,Sequential,10000000,27.31
DefaultJava,Java,False,Total,Single,Sequential,9000000,769.43
DefaultJava,Java,False,CPU,Single,Sequential,9000000,717.73
DefaultJava,Java,False,IO,Single,Sequential,9000000,51.70
DefaultJava,Java,False,Total,Single,Sequential,8000000,691.48
DefaultJava,Java,False,CPU,Single,Sequential,8000000,662.74
DefaultJava,Java,False,IO,Single,Sequential,8000000,28.74
DefaultJava,Java,False,Total,Single,Sequential,7000000,590.16
DefaultJava,Java,False,CPU,Single,Sequential,7000000,577.69
DefaultJava,Java,False,IO,Single,Sequential,7000000,12.47
DefaultJava,Java,False,Total,Single,Sequential,6000000,503.29
DefaultJava,Java,False,CPU,Single,Sequential,6000000,488.37
DefaultJava,Java,False,IO,Single,Sequential,6000000,14.93
DefaultJava,Java,False,Total,Single,Sequential,5000000,427.99
DefaultJava,Java,False,CPU,Single,Sequential,5000000,417.76
DefaultJava,Java,False,IO,Single,Sequential,5000000,10.23
DefaultJava,Java,False,Total,Single,Sequential,4000000,338.50
DefaultJava,Java,False,CPU,Single,Sequential,4000000,329.41
DefaultJava,Java,False,IO,Single,Sequential,4000000,9.09
DefaultJava,Java,False,Total,Single,Sequential,3000000,255.62
DefaultJava,Java,False,CPU,Single,Sequential,3000000,247.71
DefaultJava,Java,False,IO,Single,Sequential,3000000,7.91
DefaultJava,Java,False,Total,Single,Sequential,2000000,174.43
DefaultJava,Java,False,CPU,Single,Sequential,2000000,167.94
DefaultJava,Java,False,IO,Single,Sequential,2000000,6.49
DefaultJava,Java,False,Total,Single,Sequential,1000000,90.48
DefaultJava,Java,False,CPU,Single,Sequential,1000000,86.22
DefaultJava,Java,False,IO,Single,Sequential,1000000,4.26
Json+GzipJava,Java,True,Total,Single,Sequential,10000000,1004.95
Json+GzipJava,Java,True,CPU,Single,Sequential,10000000,997.38
Json+GzipJava,Java,True,IO,Single,Sequential,10000000,7.57
Json+GzipJava,Java,True,Total,Single,Sequential,9000000,903.14
Json+GzipJava,Java,True,CPU,Single,Sequential,9000000,896.47
Json+GzipJava,Java,True,IO,Single,Sequential,9000000,6.67
Json+GzipJava,Java,True,Total,Single,Sequential,8000000,793.89
Json+GzipJava,Java,True,CPU,Single,Sequential,8000000,787.41
Json+GzipJava,Java,True,IO,Single,Sequential,8000000,6.48
Json+GzipJava,Java,True,Total,Single,Sequential,7000000,710.50
Json+GzipJava,Java,True,CPU,Single,Sequential,7000000,704.39
Json+GzipJava,Java,True,IO,Single,Sequential,7000000,6.11
Json+GzipJava,Java,True,Total,Single,Sequential,6000000,606.24
Json+GzipJava,Java,True,CPU,Single,Sequential,6000000,600.40
Json+GzipJava,Java,True,IO,Single,Sequential,6000000,5.84
Json+GzipJava,Java,True,Total,Single,Sequential,5000000,502.43
Json+GzipJava,Java,True,CPU,Single,Sequential,5000000,497.23
Json+GzipJava,Java,True,IO,Single,Sequential,5000000,5.21
Json+GzipJava,Java,True,Total,Single,Sequential,4000000,408.23
Json+GzipJava,Java,True,CPU,Single,Sequential,4000000,403.67
Json+GzipJava,Java,True,IO,Single,Sequential,4000000,4.56
Json+GzipJava,Java,True,Total,Single,Sequential,3000000,307.90
Json+GzipJava,Java,True,CPU,Single,Sequential,3000000,303.97
Json+GzipJava,Java,True,IO,Single,Sequential,3000000,3.93
Json+GzipJava,Java,True,Total,Single,Sequential,2000000,207.68
Json+GzipJava,Java,True,CPU,Single,Sequential,2000000,204.59
Json+GzipJava,Java,True,IO,Single,Sequential,2000000,3.09
Json+GzipJava,Java,True,Total,Single,Sequential,1000000,107.55
Json+GzipJava,Java,True,CPU,Single,Sequential,1000000,104.89
Json+GzipJava,Java,True,IO,Single,Sequential,1000000,2.66
Json+GzipJava,Java,False,Total,Single,Sequential,10000000,819.65
Json+GzipJava,Java,False,CPU,Single,Sequential,10000000,812.12
Json+GzipJava,Java,False,IO,Single,Sequential,10000000,7.53
Json+GzipJava,Java,False,Total,Single,Sequential,9000000,718.84
Json+GzipJava,Java,False,CPU,Single,Sequential,9000000,711.50
Json+GzipJava,Java,False,IO,Single,Sequential,9000000,7.34
Json+GzipJava,Java,False,Total,Single,Sequential,8000000,633.69
Json+GzipJava,Java,False,CPU,Single,Sequential,8000000,626.60
Json+GzipJava,Java,False,IO,Single,Sequential,8000000,7.09
Json+GzipJava,Java,False,Total,Single,Sequential,7000000,569.00
Json+GzipJava,Java,False,CPU,Single,Sequential,7000000,562.59
Json+GzipJava,Java,False,IO,Single,Sequential,7000000,6.41
Json+GzipJava,Java,False,Total,Single,Sequential,6000000,475.11
Json+GzipJava,Java,False,CPU,Single,Sequential,6000000,469.31
Json+GzipJava,Java,False,IO,Single,Sequential,6000000,5.80
Json+GzipJava,Java,False,Total,Single,Sequential,5000000,402.79
Json+GzipJava,Java,False,CPU,Single,Sequential,5000000,397.56
Json+GzipJava,Java,False,IO,Single,Sequential,5000000,5.23
Json+GzipJava,Java,False,Total,Single,Sequential,4000000,315.10
Json+GzipJava,Java,False,CPU,Single,Sequential,4000000,310.77
Json+GzipJava,Java,False,IO,Single,Sequential,4000000,4.33
Json+GzipJava,Java,False,Total,Single,Sequential,3000000,241.28
Json+GzipJava,Java,False,CPU,Single,Sequential,3000000,237.53
Json+GzipJava,Java,False,IO,Single,Sequential,3000000,3.75
Json+GzipJava,Java,False,Total,Single,Sequential,2000000,162.59
Json+GzipJava,Java,False,CPU,Single,Sequential,2000000,159.49
Json+GzipJava,Java,False,IO,Single,Sequential,2000000,3.10
Json+GzipJava,Java,False,Total,Single,Sequential,1000000,85.33
Json+GzipJava,Java,False,CPU,Single,Sequential,1000000,82.96
Json+GzipJava,Java,False,IO,Single,Sequential,1000000,2.37
BsonJava,Java,True,Total,Single,Sequential,10000000,544.70
BsonJava,Java,True,CPU,Single,Sequential,10000000,529.49
BsonJava,Java,True,IO,Single,Sequential,10000000,15.21
BsonJava,Java,True,Total,Single,Sequential,9000000,499.79
BsonJava,Java,True,CPU,Single,Sequential,9000000,484.12
BsonJava,Java,True,IO,Single,Sequential,9000000,15.67
BsonJava,Java,True,Total,Single,Sequential,8000000,460.11
BsonJava,Java,True,CPU,Single,Sequential,8000000,445.91
BsonJava,Java,True,IO,Single,Sequential,8000000,14.19
BsonJava,Java,True,Total,Single,Sequential,7000000,365.22
BsonJava,Java,True,CPU,Single,Sequential,7000000,352.69
BsonJava,Java,True,IO,Single,Sequential,7000000,12.52
BsonJava,Java,True,Total,Single,Sequential,6000000,317.11
BsonJava,Java,True,CPU,Single,Sequential,6000000,305.73
BsonJava,Java,True,IO,Single,Sequential,6000000,11.38
BsonJava,Java,True,Total,Single,Sequential,5000000,260.28
BsonJava,Java,True,CPU,Single,Sequential,5000000,249.97
BsonJava,Java,True,IO,Single,Sequential,5000000,10.31
BsonJava,Java,True,Total,Single,Sequential,4000000,210.54
BsonJava,Java,True,CPU,Single,Sequential,4000000,201.59
BsonJava,Java,True,IO,Single,Sequential,4000000,8.95
BsonJava,Java,True,Total,Single,Sequential,3000000,160.55
BsonJava,Java,True,CPU,Single,Sequential,3000000,152.62
BsonJava,Java,True,IO,Single,Sequential,3000000,7.93
BsonJava,Java,True,Total,Single,Sequential,2000000,105.19
BsonJava,Java,True,CPU,Single,Sequential,2000000,98.49
BsonJava,Java,True,IO,Single,Sequential,2000000,6.71
BsonJava,Java,True,Total,Single,Sequential,1000000,55.37
BsonJava,Java,True,CPU,Single,Sequential,1000000,50.71
BsonJava,Java,True,IO,Single,Sequential,1000000,4.66
BsonJava,Java,False,Total,Single,Sequential,10000000,344.07
BsonJava,Java,False,CPU,Single,Sequential,10000000,240.39
BsonJava,Java,False,IO,Single,Sequential,10000000,103.68
BsonJava,Java,False,Total,Single,Sequential,9000000,298.00
BsonJava,Java,False,CPU,Single,Sequential,9000000,231.88
BsonJava,Java,False,IO,Single,Sequential,9000000,66.12
BsonJava,Java,False,Total,Single,Sequential,8000000,258.37
BsonJava,Java,False,CPU,Single,Sequential,8000000,214.63
BsonJava,Java,False,IO,Single,Sequential,8000000,43.73
BsonJava,Java,False,Total,Single,Sequential,7000000,216.44
BsonJava,Java,False,CPU,Single,Sequential,7000000,197.33
BsonJava,Java,False,IO,Single,Sequential,7000000,19.11
BsonJava,Java,False,Total,Single,Sequential,6000000,188.96
BsonJava,Java,False,CPU,Single,Sequential,6000000,177.07
BsonJava,Java,False,IO,Single,Sequential,6000000,11.88
BsonJava,Java,False,Total,Single,Sequential,5000000,157.71
BsonJava,Java,False,CPU,Single,Sequential,5000000,146.94
BsonJava,Java,False,IO,Single,Sequential,5000000,10.78
BsonJava,Java,False,Total,Single,Sequential,4000000,126.32
BsonJava,Java,False,CPU,Single,Sequential,4000000,116.71
BsonJava,Java,False,IO,Single,Sequential,4000000,9.61
BsonJava,Java,False,Total,Single,Sequential,3000000,97.56
BsonJava,Java,False,CPU,Single,Sequential,3000000,89.25
BsonJava,Java,False,IO,Single,Sequential,3000000,8.31
BsonJava,Java,False,Total,Single,Sequential,2000000,66.75
BsonJava,Java,False,CPU,Single,Sequential,2000000,59.90
BsonJava,Java,False,IO,Single,Sequential,2000000,6.85
BsonJava,Java,False,Total,Single,Sequential,1000000,36.41
BsonJava,Java,False,CPU,Single,Sequential,1000000,32.05
BsonJava,Java,False,IO,Single,Sequential,1000000,4.37
ProtoBufJava,Java,True,Total,Single,Sequential,10000000,201.83
ProtoBufJava,Java,True,CPU,Single,Sequential,10000000,192.76
ProtoBufJava,Java,True,IO,Single,Sequential,10000000,9.07
ProtoBufJava,Java,True,Total,Single,Sequential,9000000,188.42
ProtoBufJava,Java,True,CPU,Single,Sequential,9000000,180.33
ProtoBufJava,Java,True,IO,Single,Sequential,9000000,8.09
ProtoBufJava,Java,True,Total,Single,Sequential,8000000,165.38
ProtoBufJava,Java,True,CPU,Single,Sequential,8000000,157.74
ProtoBufJava,Java,True,IO,Single,Sequential,8000000,7.63
ProtoBufJava,Java,True,Total,Single,Sequential,7000000,144.26
ProtoBufJava,Java,True,CPU,Single,Sequential,7000000,137.12
ProtoBufJava,Java,True,IO,Single,Sequential,7000000,7.13
ProtoBufJava,Java,True,Total,Single,Sequential,6000000,121.91
ProtoBufJava,Java,True,CPU,Single,Sequential,6000000,115.19
ProtoBufJava,Java,True,IO,Single,Sequential,6000000,6.72
ProtoBufJava,Java,True,Total,Single,Sequential,5000000,100.23
ProtoBufJava,Java,True,CPU,Single,Sequential,5000000,94.14
ProtoBufJava,Java,True,IO,Single,Sequential,5000000,6.10
ProtoBufJava,Java,True,Total,Single,Sequential,4000000,86.14
ProtoBufJava,Java,True,CPU,Single,Sequential,4000000,80.42
ProtoBufJava,Java,True,IO,Single,Sequential,4000000,5.72
ProtoBufJava,Java,True,Total,Single,Sequential,3000000,64.24
ProtoBufJava,Java,True,CPU,Single,Sequential,3000000,59.40
ProtoBufJava,Java,True,IO,Single,Sequential,3000000,4.84
ProtoBufJava,Java,True,Total,Single,Sequential,2000000,41.51
ProtoBufJava,Java,True,CPU,Single,Sequential,2000000,37.60
ProtoBufJava,Java,True,IO,Single,Sequential,2000000,3.91
ProtoBufJava,Java,True,Total,Single,Sequential,1000000,18.88
ProtoBufJava,Java,True,CPU,Single,Sequential,1000000,15.85
ProtoBufJava,Java,True,IO,Single,Sequential,1000000,3.02
ProtoBufJava,Java,False,Total,Single,Sequential,10000000,122.66
ProtoBufJava,Java,False,CPU,Single,Sequential,10000000,113.39
ProtoBufJava,Java,False,IO,Single,Sequential,10000000,9.27
ProtoBufJava,Java,False,Total,Single,Sequential,9000000,116.10
ProtoBufJava,Java,False,CPU,Single,Sequential,9000000,107.51
ProtoBufJava,Java,False,IO,Single,Sequential,9000000,8.59
ProtoBufJava,Java,False,Total,Single,Sequential,8000000,65.95
ProtoBufJava,Java,False,CPU,Single,Sequential,8000000,57.83
ProtoBufJava,Java,False,IO,Single,Sequential,8000000,8.12
ProtoBufJava,Java,False,Total,Single,Sequential,7000000,58.76
ProtoBufJava,Java,False,CPU,Single,Sequential,7000000,51.03
ProtoBufJava,Java,False,IO,Single,Sequential,7000000,7.73
ProtoBufJava,Java,False,Total,Single,Sequential,6000000,51.93
ProtoBufJava,Java,False,CPU,Single,Sequential,6000000,44.71
ProtoBufJava,Java,False,IO,Single,Sequential,6000000,7.22
ProtoBufJava,Java,False,Total,Single,Sequential,5000000,44.89
ProtoBufJava,Java,False,CPU,Single,Sequential,5000000,38.36
ProtoBufJava,Java,False,IO,Single,Sequential,5000000,6.53
ProtoBufJava,Java,False,Total,Single,Sequential,4000000,37.98
ProtoBufJava,Java,False,CPU,Single,Sequential,4000000,32.43
ProtoBufJava,Java,False,IO,Single,Sequential,4000000,5.55
ProtoBufJava,Java,False,Total,Single,Sequential,3000000,30.32
ProtoBufJava,Java,False,CPU,Single,Sequential,3000000,25.61
ProtoBufJava,Java,False,IO,Single,Sequential,3000000,4.72
ProtoBufJava,Java,False,Total,Single,Sequential,2000000,23.14
ProtoBufJava,Java,False,CPU,Single,Sequential,2000000,19.45
ProtoBufJava,Java,False,IO,Single,Sequential,2000000,3.68
ProtoBufJava,Java,False,Total,Single,Sequential,1000000,15.11
ProtoBufJava,Java,False,CPU,Single,Sequential,1000000,12.12
ProtoBufJava,Java,False,IO,Single,Sequential,1000000,2.99
KryoJava,Java,True,Total,Single,Sequential,10000000,282.87
KryoJava,Java,True,CPU,Single,Sequential,10000000,274.06
KryoJava,Java,True,IO,Single,Sequential,10000000,8.81
KryoJava,Java,True,Total,Single,Sequential,9000000,254.31
KryoJava,Java,True,CPU,Single,Sequential,9000000,246.48
KryoJava,Java,True,IO,Single,Sequential,9000000,7.83
KryoJava,Java,True,Total,Single,Sequential,8000000,231.77
KryoJava,Java,True,CPU,Single,Sequential,8000000,224.50
KryoJava,Java,True,IO,Single,Sequential,8000000,7.27
KryoJava,Java,True,Total,Single,Sequential,7000000,201.38
KryoJava,Java,True,CPU,Single,Sequential,7000000,194.51
KryoJava,Java,True,IO,Single,Sequential,7000000,6.87
KryoJava,Java,True,Total,Single,Sequential,6000000,172.69
KryoJava,Java,True,CPU,Single,Sequential,6000000,166.19
KryoJava,Java,True,IO,Single,Sequential,6000000,6.50
KryoJava,Java,True,Total,Single,Sequential,5000000,139.26
KryoJava,Java,True,CPU,Single,Sequential,5000000,133.20
KryoJava,Java,True,IO,Single,Sequential,5000000,6.06
KryoJava,Java,True,Total,Single,Sequential,4000000,119.56
KryoJava,Java,True,CPU,Single,Sequential,4000000,114.06
KryoJava,Java,True,IO,Single,Sequential,4000000,5.50
KryoJava,Java,True,Total,Single,Sequential,3000000,87.10
KryoJava,Java,True,CPU,Single,Sequential,3000000,82.45
KryoJava,Java,True,IO,Single,Sequential,3000000,4.65
KryoJava,Java,True,Total,Single,Sequential,2000000,55.74
KryoJava,Java,True,CPU,Single,Sequential,2000000,51.99
KryoJava,Java,True,IO,Single,Sequential,2000000,3.74
KryoJava,Java,True,Total,Single,Sequential,1000000,23.53
KryoJava,Java,True,CPU,Single,Sequential,1000000,20.85
KryoJava,Java,True,IO,Single,Sequential,1000000,2.68
KryoJava,Java,False,Total,Single,Sequential,10000000,151.56
KryoJava,Java,False,CPU,Single,Sequential,10000000,142.60
KryoJava,Java,False,IO,Single,Sequential,10000000,8.96
KryoJava,Java,False,Total,Single,Sequential,9000000,149.32
KryoJava,Java,False,CPU,Single,Sequential,9000000,141.04
KryoJava,Java,False,IO,Single,Sequential,9000000,8.28
KryoJava,Java,False,Total,Single,Sequential,8000000,98.96
KryoJava,Java,False,CPU,Single,Sequential,8000000,91.06
KryoJava,Java,False,IO,Single,Sequential,8000000,7.90
KryoJava,Java,False,Total,Single,Sequential,7000000,88.20
KryoJava,Java,False,CPU,Single,Sequential,7000000,80.68
KryoJava,Java,False,IO,Single,Sequential,7000000,7.52
KryoJava,Java,False,Total,Single,Sequential,6000000,77.31
KryoJava,Java,False,CPU,Single,Sequential,6000000,70.08
KryoJava,Java,False,IO,Single,Sequential,6000000,7.22
KryoJava,Java,False,Total,Single,Sequential,5000000,64.46
KryoJava,Java,False,CPU,Single,Sequential,5000000,57.94
KryoJava,Java,False,IO,Single,Sequential,5000000,6.52
KryoJava,Java,False,Total,Single,Sequential,4000000,54.58
KryoJava,Java,False,CPU,Single,Sequential,4000000,49.13
KryoJava,Java,False,IO,Single,Sequential,4000000,5.45
KryoJava,Java,False,Total,Single,Sequential,3000000,42.12
KryoJava,Java,False,CPU,Single,Sequential,3000000,37.66
KryoJava,Java,False,IO,Single,Sequential,3000000,4.46
KryoJava,Java,False,Total,Single,Sequential,2000000,31.52
KryoJava,Java,False,CPU,Single,Sequential,2000000,27.90
KryoJava,Java,False,IO,Single,Sequential,2000000,3.62
KryoJava,Java,False,Total,Single,Sequential,1000000,19.54
KryoJava,Java,False,CPU,Single,Sequential,1000000,16.76
KryoJava,Java,False,IO,Single,Sequential,1000000,2.79
ByteBufferJava,Java,True,Total,Single,Sequential,10000000,266.16
ByteBufferJava,Java,True,CPU,Single,Sequential,10000000,256.47
ByteBufferJava,Java,True,IO,Single,Sequential,10000000,9.68
ByteBufferJava,Java,True,Total,Single,Sequential,9000000,240.69
ByteBufferJava,Java,True,CPU,Single,Sequential,9000000,232.18
ByteBufferJava,Java,True,IO,Single,Sequential,9000000,8.52
ByteBufferJava,Java,True,Total,Single,Sequential,8000000,217.49
ByteBufferJava,Java,True,CPU,Single,Sequential,8000000,209.52
ByteBufferJava,Java,True,IO,Single,Sequential,8000000,7.97
ByteBufferJava,Java,True,Total,Single,Sequential,7000000,191.42
ByteBufferJava,Java,True,CPU,Single,Sequential,7000000,183.91
ByteBufferJava,Java,True,IO,Single,Sequential,7000000,7.51
ByteBufferJava,Java,True,Total,Single,Sequential,6000000,165.05
ByteBufferJava,Java,True,CPU,Single,Sequential,6000000,158.05
ByteBufferJava,Java,True,IO,Single,Sequential,6000000,7.00
ByteBufferJava,Java,True,Total,Single,Sequential,5000000,136.38
ByteBufferJava,Java,True,CPU,Single,Sequential,5000000,130.01
ByteBufferJava,Java,True,IO,Single,Sequential,5000000,6.37
ByteBufferJava,Java,True,Total,Single,Sequential,4000000,105.52
ByteBufferJava,Java,True,CPU,Single,Sequential,4000000,99.73
ByteBufferJava,Java,True,IO,Single,Sequential,4000000,5.79
ByteBufferJava,Java,True,Total,Single,Sequential,3000000,79.50
ByteBufferJava,Java,True,CPU,Single,Sequential,3000000,74.40
ByteBufferJava,Java,True,IO,Single,Sequential,3000000,5.11
ByteBufferJava,Java,True,Total,Single,Sequential,2000000,54.53
ByteBufferJava,Java,True,CPU,Single,Sequential,2000000,50.46
ByteBufferJava,Java,True,IO,Single,Sequential,2000000,4.07
ByteBufferJava,Java,True,Total,Single,Sequential,1000000,29.98
ByteBufferJava,Java,True,CPU,Single,Sequential,1000000,26.92
ByteBufferJava,Java,True,IO,Single,Sequential,1000000,3.07
ByteBufferJava,Java,False,Total,Single,Sequential,10000000,116.12
ByteBufferJava,Java,False,CPU,Single,Sequential,10000000,106.35
ByteBufferJava,Java,False,IO,Single,Sequential,10000000,9.77
ByteBufferJava,Java,False,Total,Single,Sequential,9000000,110.82
ByteBufferJava,Java,False,CPU,Single,Sequential,9000000,101.73
ByteBufferJava,Java,False,IO,Single,Sequential,9000000,9.10
ByteBufferJava,Java,False,Total,Single,Sequential,8000000,106.62
ByteBufferJava,Java,False,CPU,Single,Sequential,8000000,97.99
ByteBufferJava,Java,False,IO,Single,Sequential,8000000,8.64
ByteBufferJava,Java,False,Total,Single,Sequential,7000000,60.92
ByteBufferJava,Java,False,CPU,Single,Sequential,7000000,52.99
ByteBufferJava,Java,False,IO,Single,Sequential,7000000,7.94
ByteBufferJava,Java,False,Total,Single,Sequential,6000000,54.24
ByteBufferJava,Java,False,CPU,Single,Sequential,6000000,46.81
ByteBufferJava,Java,False,IO,Single,Sequential,6000000,7.43
ByteBufferJava,Java,False,Total,Single,Sequential,5000000,45.26
ByteBufferJava,Java,False,CPU,Single,Sequential,5000000,38.21
ByteBufferJava,Java,False,IO,Single,Sequential,5000000,7.05
ByteBufferJava,Java,False,Total,Single,Sequential,4000000,38.11
ByteBufferJava,Java,False,CPU,Single,Sequential,4000000,32.07
ByteBufferJava,Java,False,IO,Single,Sequential,4000000,6.03
ByteBufferJava,Java,False,Total,Single,Sequential,3000000,30.40
ByteBufferJava,Java,False,CPU,Single,Sequential,3000000,25.37
ByteBufferJava,Java,False,IO,Single,Sequential,3000000,5.03
ByteBufferJava,Java,False,Total,Single,Sequential,2000000,22.75
ByteBufferJava,Java,False,CPU,Single,Sequential,2000000,18.81
ByteBufferJava,Java,False,IO,Single,Sequential,2000000,3.94
ByteBufferJava,Java,False,Total,Single,Sequential,1000000,15.06
ByteBufferJava,Java,False,CPU,Single,Sequential,1000000,12.33
ByteBufferJava,Java,False,IO,Single,Sequential,1000000,2.73
JsonJava,Java,True,Total,Single,Sequential,10000000,771.55
JsonJava,Java,True,CPU,Single,Sequential,10000000,757.25
JsonJava,Java,True,IO,Single,Sequential,10000000,14.30
JsonJava,Java,True,Total,Single,Sequential,9000000,691.20
JsonJava,Java,True,CPU,Single,Sequential,9000000,677.95
JsonJava,Java,True,IO,Single,Sequential,9000000,13.25
JsonJava,Java,True,Total,Single,Sequential,8000000,625.53
JsonJava,Java,True,CPU,Single,Sequential,8000000,613.44
JsonJava,Java,True,IO,Single,Sequential,8000000,12.09
JsonJava,Java,True,Total,Single,Sequential,7000000,532.62
JsonJava,Java,True,CPU,Single,Sequential,7000000,521.57
JsonJava,Java,True,IO,Single,Sequential,7000000,11.05
JsonJava,Java,True,Total,Single,Sequential,6000000,456.59
JsonJava,Java,True,CPU,Single,Sequential,6000000,446.47
JsonJava,Java,True,IO,Single,Sequential,6000000,10.12
JsonJava,Java,True,Total,Single,Sequential,5000000,379.06
JsonJava,Java,True,CPU,Single,Sequential,5000000,369.93
JsonJava,Java,True,IO,Single,Sequential,5000000,9.13
JsonJava,Java,True,Total,Single,Sequential,4000000,305.08
JsonJava,Java,True,CPU,Single,Sequential,4000000,296.94
JsonJava,Java,True,IO,Single,Sequential,4000000,8.14
JsonJava,Java,True,Total,Single,Sequential,3000000,232.89
JsonJava,Java,True,CPU,Single,Sequential,3000000,225.77
JsonJava,Java,True,IO,Single,Sequential,3000000,7.12
JsonJava,Java,True,Total,Single,Sequential,2000000,159.33
JsonJava,Java,True,CPU,Single,Sequential,2000000,153.25
JsonJava,Java,True,IO,Single,Sequential,2000000,6.08
JsonJava,Java,True,Total,Single,Sequential,1000000,83.40
JsonJava,Java,True,CPU,Single,Sequential,1000000,79.22
JsonJava,Java,True,IO,Single,Sequential,1000000,4.19
JsonJava,Java,False,Total,Single,Sequential,10000000,554.14
JsonJava,Java,False,CPU,Single,Sequential,10000000,540.26
JsonJava,Java,False,IO,Single,Sequential,10000000,13.88
JsonJava,Java,False,Total,Single,Sequential,9000000,487.96
JsonJava,Java,False,CPU,Single,Sequential,9000000,442.34
JsonJava,Java,False,IO,Single,Sequential,9000000,45.62
JsonJava,Java,False,Total,Single,Sequential,8000000,444.84
JsonJava,Java,False,CPU,Single,Sequential,8000000,426.60
JsonJava,Java,False,IO,Single,Sequential,8000000,18.24
JsonJava,Java,False,Total,Single,Sequential,7000000,409.36
JsonJava,Java,False,CPU,Single,Sequential,7000000,397.74
JsonJava,Java,False,IO,Single,Sequential,7000000,11.62
JsonJava,Java,False,Total,Single,Sequential,6000000,330.29
JsonJava,Java,False,CPU,Single,Sequential,6000000,319.95
JsonJava,Java,False,IO,Single,Sequential,6000000,10.34
JsonJava,Java,False,Total,Single,Sequential,5000000,279.62
JsonJava,Java,False,CPU,Single,Sequential,5000000,270.11
JsonJava,Java,False,IO,Single,Sequential,5000000,9.51
JsonJava,Java,False,Total,Single,Sequential,4000000,221.11
JsonJava,Java,False,CPU,Single,Sequential,4000000,212.55
JsonJava,Java,False,IO,Single,Sequential,4000000,8.56
JsonJava,Java,False,Total,Single,Sequential,3000000,169.68
JsonJava,Java,False,CPU,Single,Sequential,3000000,162.27
JsonJava,Java,False,IO,Single,Sequential,3000000,7.41
JsonJava,Java,False,Total,Single,Sequential,2000000,114.59
JsonJava,Java,False,CPU,Single,Sequential,2000000,108.48
JsonJava,Java,False,IO,Single,Sequential,2000000,6.11
JsonJava,Java,False,Total,Single,Sequential,1000000,59.45
JsonJava,Java,False,CPU,Single,Sequential,1000000,55.48
JsonJava,Java,False,IO,Single,Sequential,1000000,3.97
FlatBufJava,Java,True,Total,Single,Sequential,10000000,28.64
FlatBufJava,Java,True,CPU,Single,Sequential,10000000,17.46
FlatBufJava,Java,True,IO,Single,Sequential,10000000,11.18
FlatBufJava,Java,True,Total,Single,Sequential,9000000,27.67
FlatBufJava,Java,True,CPU,Single,Sequential,9000000,17.79
FlatBufJava,Java,True,IO,Single,Sequential,9000000,9.88
FlatBufJava,Java,True,Total,Single,Sequential,8000000,27.29
FlatBufJava,Java,True,CPU,Single,Sequential,8000000,18.10
FlatBufJava,Java,True,IO,Single,Sequential,8000000,9.20
FlatBufJava,Java,True,Total,Single,Sequential,7000000,20.49
FlatBufJava,Java,True,CPU,Single,Sequential,7000000,12.05
FlatBufJava,Java,True,IO,Single,Sequential,7000000,8.44
FlatBufJava,Java,True,Total,Single,Sequential,6000000,19.76
FlatBufJava,Java,True,CPU,Single,Sequential,6000000,11.94
FlatBufJava,Java,True,IO,Single,Sequential,6000000,7.82
FlatBufJava,Java,True,Total,Single,Sequential,5000000,19.10
FlatBufJava,Java,True,CPU,Single,Sequential,5000000,11.98
FlatBufJava,Java,True,IO,Single,Sequential,5000000,7.12
FlatBufJava,Java,True,Total,Single,Sequential,4000000,11.57
FlatBufJava,Java,True,CPU,Single,Sequential,4000000,5.12
FlatBufJava,Java,True,IO,Single,Sequential,4000000,6.45
FlatBufJava,Java,True,Total,Single,Sequential,3000000,11.18
FlatBufJava,Java,True,CPU,Single,Sequential,3000000,5.27
FlatBufJava,Java,True,IO,Single,Sequential,3000000,5.91
FlatBufJava,Java,True,Total,Single,Sequential,2000000,5.11
FlatBufJava,Java,True,CPU,Single,Sequential,2000000,0.39
FlatBufJava,Java,True,IO,Single,Sequential,2000000,4.72
FlatBufJava,Java,True,Total,Single,Sequential,1000000,3.54
FlatBufJava,Java,True,CPU,Single,Sequential,1000000,0.12
FlatBufJava,Java,True,IO,Single,Sequential,1000000,3.42
FlatBufJava,Java,False,Total,Single,Sequential,10000000,20.00
FlatBufJava,Java,False,CPU,Single,Sequential,10000000,9.00
FlatBufJava,Java,False,IO,Single,Sequential,10000000,11.00
FlatBufJava,Java,False,Total,Single,Sequential,9000000,18.79
FlatBufJava,Java,False,CPU,Single,Sequential,9000000,8.49
FlatBufJava,Java,False,IO,Single,Sequential,9000000,10.30
FlatBufJava,Java,False,Total,Single,Sequential,8000000,17.17
FlatBufJava,Java,False,CPU,Single,Sequential,8000000,7.57
FlatBufJava,Java,False,IO,Single,Sequential,8000000,9.60
FlatBufJava,Java,False,Total,Single,Sequential,7000000,16.46
FlatBufJava,Java,False,CPU,Single,Sequential,7000000,7.55
FlatBufJava,Java,False,IO,Single,Sequential,7000000,8.91
FlatBufJava,Java,False,Total,Single,Sequential,6000000,14.43
FlatBufJava,Java,False,CPU,Single,Sequential,6000000,5.85
FlatBufJava,Java,False,IO,Single,Sequential,6000000,8.58
FlatBufJava,Java,False,Total,Single,Sequential,5000000,13.76
FlatBufJava,Java,False,CPU,Single,Sequential,5000000,6.15
FlatBufJava,Java,False,IO,Single,Sequential,5000000,7.62
FlatBufJava,Java,False,Total,Single,Sequential,4000000,12.90
FlatBufJava,Java,False,CPU,Single,Sequential,4000000,5.78
FlatBufJava,Java,False,IO,Single,Sequential,4000000,7.12
FlatBufJava,Java,False,Total,Single,Sequential,3000000,6.56
FlatBufJava,Java,False,CPU,Single,Sequential,3000000,0.76
FlatBufJava,Java,False,IO,Single,Sequential,3000000,5.80
FlatBufJava,Java,False,Total,Single,Sequential,2000000,5.03
FlatBufJava,Java,False,CPU,Single,Sequential,2000000,0.74
FlatBufJava,Java,False,IO,Single,Sequential,2000000,4.29
FlatBufJava,Java,False,Total,Single,Sequential,1000000,3.54
FlatBufJava,Java,False,CPU,Single,Sequential,1000000,0.30
FlatBufJava,Java,False,IO,Single,Sequential,1000000,3.24
HandcodedCPP,CPP,True,Total,Single,Sequential,10000000,105.13
HandcodedCPP,CPP,True,CPU,Single,Sequential,10000000,98.06
HandcodedCPP,CPP,True,IO,Single,Sequential,10000000,7.07
HandcodedCPP,CPP,True,Total,Single,Sequential,9000000,139.53
HandcodedCPP,CPP,True,CPU,Single,Sequential,9000000,133.23
HandcodedCPP,CPP,True,IO,Single,Sequential,9000000,6.30
HandcodedCPP,CPP,True,Total,Single,Sequential,8000000,85.44
HandcodedCPP,CPP,True,CPU,Single,Sequential,8000000,79.40
HandcodedCPP,CPP,True,IO,Single,Sequential,8000000,6.04
HandcodedCPP,CPP,True,Total,Single,Sequential,7000000,104.77
HandcodedCPP,CPP,True,CPU,Single,Sequential,7000000,98.94
HandcodedCPP,CPP,True,IO,Single,Sequential,7000000,5.82
HandcodedCPP,CPP,True,Total,Single,Sequential,6000000,67.52
HandcodedCPP,CPP,True,CPU,Single,Sequential,6000000,61.92
HandcodedCPP,CPP,True,IO,Single,Sequential,6000000,5.59
HandcodedCPP,CPP,True,Total,Single,Sequential,5000000,58.86
HandcodedCPP,CPP,True,CPU,Single,Sequential,5000000,53.52
HandcodedCPP,CPP,True,IO,Single,Sequential,5000000,5.34
HandcodedCPP,CPP,True,Total,Single,Sequential,4000000,60.04
HandcodedCPP,CPP,True,CPU,Single,Sequential,4000000,54.91
HandcodedCPP,CPP,True,IO,Single,Sequential,4000000,5.13
HandcodedCPP,CPP,True,Total,Single,Sequential,3000000,34.73
HandcodedCPP,CPP,True,CPU,Single,Sequential,3000000,29.85
HandcodedCPP,CPP,True,IO,Single,Sequential,3000000,4.88
HandcodedCPP,CPP,True,Total,Single,Sequential,2000000,32.05
HandcodedCPP,CPP,True,CPU,Single,Sequential,2000000,27.72
HandcodedCPP,CPP,True,IO,Single,Sequential,2000000,4.33
HandcodedCPP,CPP,True,Total,Single,Sequential,1000000,14.79
HandcodedCPP,CPP,True,CPU,Single,Sequential,1000000,10.39
HandcodedCPP,CPP,True,IO,Single,Sequential,1000000,4.40
HandcodedCPP,CPP,False,Total,Single,Sequential,10000000,122.19
HandcodedCPP,CPP,False,CPU,Single,Sequential,10000000,115.59
HandcodedCPP,CPP,False,IO,Single,Sequential,10000000,6.60
HandcodedCPP,CPP,False,Total,Single,Sequential,9000000,145.35
HandcodedCPP,CPP,False,CPU,Single,Sequential,9000000,139.02
HandcodedCPP,CPP,False,IO,Single,Sequential,9000000,6.34
HandcodedCPP,CPP,False,Total,Single,Sequential,8000000,93.07
HandcodedCPP,CPP,False,CPU,Single,Sequential,8000000,86.98
HandcodedCPP,CPP,False,IO,Single,Sequential,8000000,6.09
HandcodedCPP,CPP,False,Total,Single,Sequential,7000000,109.86
HandcodedCPP,CPP,False,CPU,Single,Sequential,7000000,104.01
HandcodedCPP,CPP,False,IO,Single,Sequential,7000000,5.84
HandcodedCPP,CPP,False,Total,Single,Sequential,6000000,75.04
HandcodedCPP,CPP,False,CPU,Single,Sequential,6000000,69.44
HandcodedCPP,CPP,False,IO,Single,Sequential,6000000,5.60
HandcodedCPP,CPP,False,Total,Single,Sequential,5000000,64.28
HandcodedCPP,CPP,False,CPU,Single,Sequential,5000000,58.90
HandcodedCPP,CPP,False,IO,Single,Sequential,5000000,5.38
HandcodedCPP,CPP,False,Total,Single,Sequential,4000000,66.30
HandcodedCPP,CPP,False,CPU,Single,Sequential,4000000,61.16
HandcodedCPP,CPP,False,IO,Single,Sequential,4000000,5.14
HandcodedCPP,CPP,False,Total,Single,Sequential,3000000,40.71
HandcodedCPP,CPP,False,CPU,Single,Sequential,3000000,35.96
HandcodedCPP,CPP,False,IO,Single,Sequential,3000000,4.75
HandcodedCPP,CPP,False,Total,Single,Sequential,2000000,35.38
HandcodedCPP,CPP,False,CPU,Single,Sequential,2000000,30.80
HandcodedCPP,CPP,False,IO,Single,Sequential,2000000,4.59
HandcodedCPP,CPP,False,Total,Single,Sequential,1000000,15.70
HandcodedCPP,CPP,False,CPU,Single,Sequential,1000000,11.34
HandcodedCPP,CPP,False,IO,Single,Sequential,1000000,4.36
inPlaceCPP,CPP,True,Total,Single,Sequential,10000000,19.17
inPlaceCPP,CPP,True,CPU,Single,Sequential,10000000,10.34
inPlaceCPP,CPP,True,IO,Single,Sequential,10000000,8.83
inPlaceCPP,CPP,True,Total,Single,Sequential,9000000,17.91
inPlaceCPP,CPP,True,CPU,Single,Sequential,9000000,10.29
inPlaceCPP,CPP,True,IO,Single,Sequential,9000000,7.62
inPlaceCPP,CPP,True,Total,Single,Sequential,8000000,16.38
inPlaceCPP,CPP,True,CPU,Single,Sequential,8000000,8.76
inPlaceCPP,CPP,True,IO,Single,Sequential,8000000,7.62
inPlaceCPP,CPP,True,Total,Single,Sequential,7000000,15.08
inPlaceCPP,CPP,True,CPU,Single,Sequential,7000000,7.86
inPlaceCPP,CPP,True,IO,Single,Sequential,7000000,7.22
inPlaceCPP,CPP,True,Total,Single,Sequential,6000000,13.63
inPlaceCPP,CPP,True,CPU,Single,Sequential,6000000,6.75
inPlaceCPP,CPP,True,IO,Single,Sequential,6000000,6.88
inPlaceCPP,CPP,True,Total,Single,Sequential,5000000,12.16
inPlaceCPP,CPP,True,CPU,Single,Sequential,5000000,5.62
inPlaceCPP,CPP,True,IO,Single,Sequential,5000000,6.55
inPlaceCPP,CPP,True,Total,Single,Sequential,4000000,10.73
inPlaceCPP,CPP,True,CPU,Single,Sequential,4000000,4.87
inPlaceCPP,CPP,True,IO,Single,Sequential,4000000,5.86
inPlaceCPP,CPP,True,Total,Single,Sequential,3000000,9.26
inPlaceCPP,CPP,True,CPU,Single,Sequential,3000000,3.47
inPlaceCPP,CPP,True,IO,Single,Sequential,3000000,5.80
inPlaceCPP,CPP,True,Total,Single,Sequential,2000000,7.77
inPlaceCPP,CPP,True,CPU,Single,Sequential,2000000,2.33
inPlaceCPP,CPP,True,IO,Single,Sequential,2000000,5.44
inPlaceCPP,CPP,True,Total,Single,Sequential,1000000,5.88
inPlaceCPP,CPP,True,CPU,Single,Sequential,1000000,0.84
inPlaceCPP,CPP,True,IO,Single,Sequential,1000000,5.04
inPlaceCPP,CPP,False,Total,Single,Sequential,10000000,19.27
inPlaceCPP,CPP,False,CPU,Single,Sequential,10000000,-10.07
inPlaceCPP,CPP,False,IO,Single,Sequential,10000000,29.34
inPlaceCPP,CPP,False,Total,Single,Sequential,9000000,18.01
inPlaceCPP,CPP,False,CPU,Single,Sequential,9000000,9.99
inPlaceCPP,CPP,False,IO,Single,Sequential,9000000,8.02
inPlaceCPP,CPP,False,Total,Single,Sequential,8000000,16.61
inPlaceCPP,CPP,False,CPU,Single,Sequential,8000000,8.93
inPlaceCPP,CPP,False,IO,Single,Sequential,8000000,7.68
inPlaceCPP,CPP,False,Total,Single,Sequential,7000000,15.10
inPlaceCPP,CPP,False,CPU,Single,Sequential,7000000,7.79
inPlaceCPP,CPP,False,IO,Single,Sequential,7000000,7.31
inPlaceCPP,CPP,False,Total,Single,Sequential,6000000,13.70
inPlaceCPP,CPP,False,CPU,Single,Sequential,6000000,6.73
inPlaceCPP,CPP,False,IO,Single,Sequential,6000000,6.97
inPlaceCPP,CPP,False,Total,Single,Sequential,5000000,12.24
inPlaceCPP,CPP,False,CPU,Single,Sequential,5000000,5.63
inPlaceCPP,CPP,False,IO,Single,Sequential,5000000,6.61
inPlaceCPP,CPP,False,Total,Single,Sequential,4000000,10.74
inPlaceCPP,CPP,False,CPU,Single,Sequential,4000000,4.50
inPlaceCPP,CPP,False,IO,Single,Sequential,4000000,6.24
inPlaceCPP,CPP,False,Total,Single,Sequential,3000000,9.52
inPlaceCPP,CPP,False,CPU,Single,Sequential,3000000,3.72
inPlaceCPP,CPP,False,IO,Single,Sequential,3000000,5.80
inPlaceCPP,CPP,False,Total,Single,Sequential,2000000,7.76
inPlaceCPP,CPP,False,CPU,Single,Sequential,2000000,2.26
inPlaceCPP,CPP,False,IO,Single,Sequential,2000000,5.50
inPlaceCPP,CPP,False,Total,Single,Sequential,1000000,6.24
inPlaceCPP,CPP,False,CPU,Single,Sequential,1000000,1.14
inPlaceCPP,CPP,False,IO,Single,Sequential,1000000,5.09
BoostCPP,CPP,True,Total,Single,Sequential,10000000,617.50
BoostCPP,CPP,True,CPU,Single,Sequential,10000000,610.26
BoostCPP,CPP,True,IO,Single,Sequential,10000000,7.24
BoostCPP,CPP,True,Total,Single,Sequential,9000000,575.47
BoostCPP,CPP,True,CPU,Single,Sequential,9000000,569.00
BoostCPP,CPP,True,IO,Single,Sequential,9000000,6.47
BoostCPP,CPP,True,Total,Single,Sequential,8000000,497.82
BoostCPP,CPP,True,CPU,Single,Sequential,8000000,491.65
BoostCPP,CPP,True,IO,Single,Sequential,8000000,6.17
BoostCPP,CPP,True,Total,Single,Sequential,7000000,440.93
BoostCPP,CPP,True,CPU,Single,Sequential,7000000,434.98
BoostCPP,CPP,True,IO,Single,Sequential,7000000,5.95
BoostCPP,CPP,True,Total,Single,Sequential,6000000,381.51
BoostCPP,CPP,True,CPU,Single,Sequential,6000000,375.82
BoostCPP,CPP,True,IO,Single,Sequential,6000000,5.69
BoostCPP,CPP,True,Total,Single,Sequential,5000000,312.15
BoostCPP,CPP,True,CPU,Single,Sequential,5000000,306.70
BoostCPP,CPP,True,IO,Single,Sequential,5000000,5.45
BoostCPP,CPP,True,Total,Single,Sequential,4000000,251.32
BoostCPP,CPP,True,CPU,Single,Sequential,4000000,246.43
BoostCPP,CPP,True,IO,Single,Sequential,4000000,4.89
BoostCPP,CPP,True,Total,Single,Sequential,3000000,192.67
BoostCPP,CPP,True,CPU,Single,Sequential,3000000,188.01
BoostCPP,CPP,True,IO,Single,Sequential,3000000,4.66
BoostCPP,CPP,True,Total,Single,Sequential,2000000,128.01
BoostCPP,CPP,True,CPU,Single,Sequential,2000000,123.61
BoostCPP,CPP,True,IO,Single,Sequential,2000000,4.40
BoostCPP,CPP,True,Total,Single,Sequential,1000000,67.24
BoostCPP,CPP,True,CPU,Single,Sequential,1000000,62.79
BoostCPP,CPP,True,IO,Single,Sequential,1000000,4.45
BoostCPP,CPP,False,Total,Single,Sequential,10000000,632.58
BoostCPP,CPP,False,CPU,Single,Sequential,10000000,625.83
BoostCPP,CPP,False,IO,Single,Sequential,10000000,6.76
BoostCPP,CPP,False,Total,Single,Sequential,9000000,575.38
BoostCPP,CPP,False,CPU,Single,Sequential,9000000,568.90
BoostCPP,CPP,False,IO,Single,Sequential,9000000,6.48
BoostCPP,CPP,False,Total,Single,Sequential,8000000,520.14
BoostCPP,CPP,False,CPU,Single,Sequential,8000000,513.92
BoostCPP,CPP,False,IO,Single,Sequential,8000000,6.22
BoostCPP,CPP,False,Total,Single,Sequential,7000000,454.13
BoostCPP,CPP,False,CPU,Single,Sequential,7000000,448.19
BoostCPP,CPP,False,IO,Single,Sequential,7000000,5.94
BoostCPP,CPP,False,Total,Single,Sequential,6000000,380.66
BoostCPP,CPP,False,CPU,Single,Sequential,6000000,374.94
BoostCPP,CPP,False,IO,Single,Sequential,6000000,5.73
BoostCPP,CPP,False,Total,Single,Sequential,5000000,319.83
BoostCPP,CPP,False,CPU,Single,Sequential,5000000,314.40
BoostCPP,CPP,False,IO,Single,Sequential,5000000,5.43
BoostCPP,CPP,False,Total,Single,Sequential,4000000,259.46
BoostCPP,CPP,False,CPU,Single,Sequential,4000000,254.23
BoostCPP,CPP,False,IO,Single,Sequential,4000000,5.23
BoostCPP,CPP,False,Total,Single,Sequential,3000000,196.11
BoostCPP,CPP,False,CPU,Single,Sequential,3000000,191.13
BoostCPP,CPP,False,IO,Single,Sequential,3000000,4.98
BoostCPP,CPP,False,Total,Single,Sequential,2000000,129.65
BoostCPP,CPP,False,CPU,Single,Sequential,2000000,124.92
BoostCPP,CPP,False,IO,Single,Sequential,2000000,4.73
BoostCPP,CPP,False,Total,Single,Sequential,1000000,65.79
BoostCPP,CPP,False,CPU,Single,Sequential,1000000,61.32
BoostCPP,CPP,False,IO,Single,Sequential,1000000,4.48
ProtoBufCPP,CPP,True,Total,Single,Sequential,10000000,104.52
ProtoBufCPP,CPP,True,CPU,Single,Sequential,10000000,97.79
ProtoBufCPP,CPP,True,IO,Single,Sequential,10000000,6.72
ProtoBufCPP,CPP,True,Total,Single,Sequential,9000000,94.77
ProtoBufCPP,CPP,True,CPU,Single,Sequential,9000000,88.71
ProtoBufCPP,CPP,True,IO,Single,Sequential,9000000,6.05
ProtoBufCPP,CPP,True,Total,Single,Sequential,8000000,84.73
ProtoBufCPP,CPP,True,CPU,Single,Sequential,8000000,78.91
ProtoBufCPP,CPP,True,IO,Single,Sequential,8000000,5.82
ProtoBufCPP,CPP,True,Total,Single,Sequential,7000000,74.64
ProtoBufCPP,CPP,True,CPU,Single,Sequential,7000000,69.03
ProtoBufCPP,CPP,True,IO,Single,Sequential,7000000,5.61
ProtoBufCPP,CPP,True,Total,Single,Sequential,6000000,64.85
ProtoBufCPP,CPP,True,CPU,Single,Sequential,6000000,59.46
ProtoBufCPP,CPP,True,IO,Single,Sequential,6000000,5.39
ProtoBufCPP,CPP,True,Total,Single,Sequential,5000000,54.78
ProtoBufCPP,CPP,True,CPU,Single,Sequential,5000000,49.60
ProtoBufCPP,CPP,True,IO,Single,Sequential,5000000,5.19
ProtoBufCPP,CPP,True,Total,Single,Sequential,4000000,44.67
ProtoBufCPP,CPP,True,CPU,Single,Sequential,4000000,39.70
ProtoBufCPP,CPP,True,IO,Single,Sequential,4000000,4.97
ProtoBufCPP,CPP,True,Total,Single,Sequential,3000000,34.63
ProtoBufCPP,CPP,True,CPU,Single,Sequential,3000000,29.88
ProtoBufCPP,CPP,True,IO,Single,Sequential,3000000,4.75
ProtoBufCPP,CPP,True,Total,Single,Sequential,2000000,24.50
ProtoBufCPP,CPP,True,CPU,Single,Sequential,2000000,19.97
ProtoBufCPP,CPP,True,IO,Single,Sequential,2000000,4.53
ProtoBufCPP,CPP,True,Total,Single,Sequential,1000000,13.79
ProtoBufCPP,CPP,True,CPU,Single,Sequential,1000000,9.49
ProtoBufCPP,CPP,True,IO,Single,Sequential,1000000,4.30
ProtoBufCPP,CPP,False,Total,Single,Sequential,10000000,105.65
ProtoBufCPP,CPP,False,CPU,Single,Sequential,10000000,99.38
ProtoBufCPP,CPP,False,IO,Single,Sequential,10000000,6.28
ProtoBufCPP,CPP,False,Total,Single,Sequential,9000000,95.48
ProtoBufCPP,CPP,False,CPU,Single,Sequential,9000000,89.42
ProtoBufCPP,CPP,False,IO,Single,Sequential,9000000,6.05
ProtoBufCPP,CPP,False,Total,Single,Sequential,8000000,85.66
ProtoBufCPP,CPP,False,CPU,Single,Sequential,8000000,79.82
ProtoBufCPP,CPP,False,IO,Single,Sequential,8000000,5.85
ProtoBufCPP,CPP,False,Total,Single,Sequential,7000000,75.69
ProtoBufCPP,CPP,False,CPU,Single,Sequential,7000000,70.05
ProtoBufCPP,CPP,False,IO,Single,Sequential,7000000,5.63
ProtoBufCPP,CPP,False,Total,Single,Sequential,6000000,65.23
ProtoBufCPP,CPP,False,CPU,Single,Sequential,6000000,59.81
ProtoBufCPP,CPP,False,IO,Single,Sequential,6000000,5.42
ProtoBufCPP,CPP,False,Total,Single,Sequential,5000000,55.35
ProtoBufCPP,CPP,False,CPU,Single,Sequential,5000000,50.18
ProtoBufCPP,CPP,False,IO,Single,Sequential,5000000,5.17
ProtoBufCPP,CPP,False,Total,Single,Sequential,4000000,45.18
ProtoBufCPP,CPP,False,CPU,Single,Sequential,4000000,40.18
ProtoBufCPP,CPP,False,IO,Single,Sequential,4000000,4.99
ProtoBufCPP,CPP,False,Total,Single,Sequential,3000000,34.88
ProtoBufCPP,CPP,False,CPU,Single,Sequential,3000000,30.10
ProtoBufCPP,CPP,False,IO,Single,Sequential,3000000,4.78
ProtoBufCPP,CPP,False,Total,Single,Sequential,2000000,24.72
ProtoBufCPP,CPP,False,CPU,Single,Sequential,2000000,20.24
ProtoBufCPP,CPP,False,IO,Single,Sequential,2000000,4.48
ProtoBufCPP,CPP,False,Total,Single,Sequential,1000000,14.42
ProtoBufCPP,CPP,False,CPU,Single,Sequential,1000000,10.15
ProtoBufCPP,CPP,False,IO,Single,Sequential,1000000,4.27
BsonCPP,CPP,True,Total,Single,Sequential,10000000,24432.89
BsonCPP,CPP,True,CPU,Single,Sequential,10000000,24422.53
BsonCPP,CPP,True,IO,Single,Sequential,10000000,10.35
BsonCPP,CPP,True,Total,Single,Sequential,9000000,6976.28
BsonCPP,CPP,True,CPU,Single,Sequential,9000000,6964.37
BsonCPP,CPP,True,IO,Single,Sequential,9000000,11.90
BsonCPP,CPP,True,Total,Single,Sequential,8000000,12491.64
BsonCPP,CPP,True,CPU,Single,Sequential,8000000,12481.04
BsonCPP,CPP,True,IO,Single,Sequential,8000000,10.61
BsonCPP,CPP,True,Total,Single,Sequential,7000000,4665.68
BsonCPP,CPP,True,CPU,Single,Sequential,7000000,4656.66
BsonCPP,CPP,True,IO,Single,Sequential,7000000,9.02
BsonCPP,CPP,True,Total,Single,Sequential,6000000,3106.18
BsonCPP,CPP,True,CPU,Single,Sequential,6000000,3098.94
BsonCPP,CPP,True,IO,Single,Sequential,6000000,7.25
BsonCPP,CPP,True,Total,Single,Sequential,5000000,1679.46
BsonCPP,CPP,True,CPU,Single,Sequential,5000000,1672.75
BsonCPP,CPP,True,IO,Single,Sequential,5000000,6.71
BsonCPP,CPP,True,Total,Single,Sequential,4000000,1359.52
BsonCPP,CPP,True,CPU,Single,Sequential,4000000,1353.27
BsonCPP,CPP,True,IO,Single,Sequential,4000000,6.25
BsonCPP,CPP,True,Total,Single,Sequential,3000000,976.04
BsonCPP,CPP,True,CPU,Single,Sequential,3000000,970.35
BsonCPP,CPP,True,IO,Single,Sequential,3000000,5.69
BsonCPP,CPP,True,Total,Single,Sequential,2000000,663.92
BsonCPP,CPP,True,CPU,Single,Sequential,2000000,658.73
BsonCPP,CPP,True,IO,Single,Sequential,2000000,5.19
BsonCPP,CPP,True,Total,Single,Sequential,1000000,327.90
BsonCPP,CPP,True,CPU,Single,Sequential,1000000,323.26
BsonCPP,CPP,True,IO,Single,Sequential,1000000,4.64
BsonCPP,CPP,False,Total,Single,Sequential,10000000,24448.26
BsonCPP,CPP,False,CPU,Single,Sequential,10000000,24359.90
BsonCPP,CPP,False,IO,Single,Sequential,10000000,88.36
BsonCPP,CPP,False,Total,Single,Sequential,9000000,7011.76
BsonCPP,CPP,False,CPU,Single,Sequential,9000000,6949.45
BsonCPP,CPP,False,IO,Single,Sequential,9000000,62.30
BsonCPP,CPP,False,Total,Single,Sequential,8000000,12425.45
BsonCPP,CPP,False,CPU,Single,Sequential,8000000,12376.34
BsonCPP,CPP,False,IO,Single,Sequential,8000000,49.11
BsonCPP,CPP,False,Total,Single,Sequential,7000000,4668.14
BsonCPP,CPP,False,CPU,Single,Sequential,7000000,4636.41
BsonCPP,CPP,False,IO,Single,Sequential,7000000,31.73
BsonCPP,CPP,False,Total,Single,Sequential,6000000,3046.16
BsonCPP,CPP,False,CPU,Single,Sequential,6000000,3032.78
BsonCPP,CPP,False,IO,Single,Sequential,6000000,13.38
BsonCPP,CPP,False,Total,Single,Sequential,5000000,1651.08
BsonCPP,CPP,False,CPU,Single,Sequential,5000000,1644.36
BsonCPP,CPP,False,IO,Single,Sequential,5000000,6.72
BsonCPP,CPP,False,Total,Single,Sequential,4000000,1349.21
BsonCPP,CPP,False,CPU,Single,Sequential,4000000,1342.95
BsonCPP,CPP,False,IO,Single,Sequential,4000000,6.26
BsonCPP,CPP,False,Total,Single,Sequential,3000000,979.68
BsonCPP,CPP,False,CPU,Single,Sequential,3000000,973.97
BsonCPP,CPP,False,IO,Single,Sequential,3000000,5.71
BsonCPP,CPP,False,Total,Single,Sequential,2000000,666.44
BsonCPP,CPP,False,CPU,Single,Sequential,2000000,661.35
BsonCPP,CPP,False,IO,Single,Sequential,2000000,5.09
BsonCPP,CPP,False,Total,Single,Sequential,1000000,333.06
BsonCPP,CPP,False,CPU,Single,Sequential,1000000,328.41
BsonCPP,CPP,False,IO,Single,Sequential,1000000,4.66
FlatBufCPP,CPP,True,Total,Single,Sequential,10000000,67.23
FlatBufCPP,CPP,True,CPU,Single,Sequential,10000000,59.10
FlatBufCPP,CPP,True,IO,Single,Sequential,10000000,8.13
FlatBufCPP,CPP,True,Total,Single,Sequential,9000000,59.27
FlatBufCPP,CPP,True,CPU,Single,Sequential,9000000,51.73
FlatBufCPP,CPP,True,IO,Single,Sequential,9000000,7.54
FlatBufCPP,CPP,True,Total,Single,Sequential,8000000,52.10
FlatBufCPP,CPP,True,CPU,Single,Sequential,8000000,44.92
FlatBufCPP,CPP,True,IO,Single,Sequential,8000000,7.19
FlatBufCPP,CPP,True,Total,Single,Sequential,7000000,46.14
FlatBufCPP,CPP,True,CPU,Single,Sequential,7000000,39.26
FlatBufCPP,CPP,True,IO,Single,Sequential,7000000,6.88
FlatBufCPP,CPP,True,Total,Single,Sequential,6000000,40.30
FlatBufCPP,CPP,True,CPU,Single,Sequential,6000000,33.76
FlatBufCPP,CPP,True,IO,Single,Sequential,6000000,6.54
FlatBufCPP,CPP,True,Total,Single,Sequential,5000000,34.36
FlatBufCPP,CPP,True,CPU,Single,Sequential,5000000,28.13
FlatBufCPP,CPP,True,IO,Single,Sequential,5000000,6.23
FlatBufCPP,CPP,True,Total,Single,Sequential,4000000,28.50
FlatBufCPP,CPP,True,CPU,Single,Sequential,4000000,22.57
FlatBufCPP,CPP,True,IO,Single,Sequential,4000000,5.93
FlatBufCPP,CPP,True,Total,Single,Sequential,3000000,23.05
FlatBufCPP,CPP,True,CPU,Single,Sequential,3000000,17.45
FlatBufCPP,CPP,True,IO,Single,Sequential,3000000,5.60
FlatBufCPP,CPP,True,Total,Single,Sequential,2000000,16.65
FlatBufCPP,CPP,True,CPU,Single,Sequential,2000000,11.38
FlatBufCPP,CPP,True,IO,Single,Sequential,2000000,5.27
FlatBufCPP,CPP,True,Total,Single,Sequential,1000000,10.65
FlatBufCPP,CPP,True,CPU,Single,Sequential,1000000,5.75
FlatBufCPP,CPP,True,IO,Single,Sequential,1000000,4.89
FlatBufCPP,CPP,False,Total,Single,Sequential,10000000,68.10
FlatBufCPP,CPP,False,CPU,Single,Sequential,10000000,50.23
FlatBufCPP,CPP,False,IO,Single,Sequential,10000000,17.87
FlatBufCPP,CPP,False,Total,Single,Sequential,9000000,62.05
FlatBufCPP,CPP,False,CPU,Single,Sequential,9000000,54.47
FlatBufCPP,CPP,False,IO,Single,Sequential,9000000,7.59
FlatBufCPP,CPP,False,Total,Single,Sequential,8000000,56.55
FlatBufCPP,CPP,False,CPU,Single,Sequential,8000000,49.29
FlatBufCPP,CPP,False,IO,Single,Sequential,8000000,7.26
FlatBufCPP,CPP,False,Total,Single,Sequential,7000000,50.25
FlatBufCPP,CPP,False,CPU,Single,Sequential,7000000,43.30
FlatBufCPP,CPP,False,IO,Single,Sequential,7000000,6.95
FlatBufCPP,CPP,False,Total,Single,Sequential,6000000,43.79
FlatBufCPP,CPP,False,CPU,Single,Sequential,6000000,37.21
FlatBufCPP,CPP,False,IO,Single,Sequential,6000000,6.58
FlatBufCPP,CPP,False,Total,Single,Sequential,5000000,37.20
FlatBufCPP,CPP,False,CPU,Single,Sequential,5000000,30.91
FlatBufCPP,CPP,False,IO,Single,Sequential,5000000,6.29
FlatBufCPP,CPP,False,Total,Single,Sequential,4000000,30.78
FlatBufCPP,CPP,False,CPU,Single,Sequential,4000000,24.80
FlatBufCPP,CPP,False,IO,Single,Sequential,4000000,5.97
FlatBufCPP,CPP,False,Total,Single,Sequential,3000000,24.58
FlatBufCPP,CPP,False,CPU,Single,Sequential,3000000,18.92
FlatBufCPP,CPP,False,IO,Single,Sequential,3000000,5.66
FlatBufCPP,CPP,False,Total,Single,Sequential,2000000,17.77
FlatBufCPP,CPP,False,CPU,Single,Sequential,2000000,12.46
FlatBufCPP,CPP,False,IO,Single,Sequential,2000000,5.31
FlatBufCPP,CPP,False,Total,Single,Sequential,1000000,11.03
FlatBufCPP,CPP,False,CPU,Single,Sequential,1000000,6.09
FlatBufCPP,CPP,False,IO,Single,Sequential,1000000,4.94
JsonRust,Rust,True,Total,Single,Sequential,10000000,261.49
JsonRust,Rust,True,CPU,Single,Sequential,10000000,251.98
JsonRust,Rust,True,IO,Single,Sequential,10000000,9.51
JsonRust,Rust,True,Total,Single,Sequential,9000000,243.97
JsonRust,Rust,True,CPU,Single,Sequential,9000000,236.73
JsonRust,Rust,True,IO,Single,Sequential,9000000,7.24
JsonRust,Rust,True,Total,Single,Sequential,8000000,209.42
JsonRust,Rust,True,CPU,Single,Sequential,8000000,202.86
JsonRust,Rust,True,IO,Single,Sequential,8000000,6.56
JsonRust,Rust,True,Total,Single,Sequential,7000000,183.39
JsonRust,Rust,True,CPU,Single,Sequential,7000000,177.30
JsonRust,Rust,True,IO,Single,Sequential,7000000,6.09
JsonRust,Rust,True,Total,Single,Sequential,6000000,157.91
JsonRust,Rust,True,CPU,Single,Sequential,6000000,152.47
JsonRust,Rust,True,IO,Single,Sequential,6000000,5.44
JsonRust,Rust,True,Total,Single,Sequential,5000000,132.07
JsonRust,Rust,True,CPU,Single,Sequential,5000000,127.25
JsonRust,Rust,True,IO,Single,Sequential,5000000,4.82
JsonRust,Rust,True,Total,Single,Sequential,4000000,105.76
JsonRust,Rust,True,CPU,Single,Sequential,4000000,101.72
JsonRust,Rust,True,IO,Single,Sequential,4000000,4.04
JsonRust,Rust,True,Total,Single,Sequential,3000000,79.41
JsonRust,Rust,True,CPU,Single,Sequential,3000000,76.05
JsonRust,Rust,True,IO,Single,Sequential,3000000,3.35
JsonRust,Rust,True,Total,Single,Sequential,2000000,53.56
JsonRust,Rust,True,CPU,Single,Sequential,2000000,50.90
JsonRust,Rust,True,IO,Single,Sequential,2000000,2.66
JsonRust,Rust,True,Total,Single,Sequential,1000000,27.51
JsonRust,Rust,True,CPU,Single,Sequential,1000000,25.81
JsonRust,Rust,True,IO,Single,Sequential,1000000,1.70
JsonRust,Rust,False,Total,Single,Sequential,10000000,264.31
JsonRust,Rust,False,CPU,Single,Sequential,10000000,249.22
JsonRust,Rust,False,IO,Single,Sequential,10000000,15.10
JsonRust,Rust,False,Total,Single,Sequential,9000000,236.38
JsonRust,Rust,False,CPU,Single,Sequential,9000000,229.85
JsonRust,Rust,False,IO,Single,Sequential,9000000,6.53
JsonRust,Rust,False,Total,Single,Sequential,8000000,210.06
JsonRust,Rust,False,CPU,Single,Sequential,8000000,203.76
JsonRust,Rust,False,IO,Single,Sequential,8000000,6.30
JsonRust,Rust,False,Total,Single,Sequential,7000000,184.72
JsonRust,Rust,False,CPU,Single,Sequential,7000000,179.25
JsonRust,Rust,False,IO,Single,Sequential,7000000,5.47
JsonRust,Rust,False,Total,Single,Sequential,6000000,157.65
JsonRust,Rust,False,CPU,Single,Sequential,6000000,152.80
JsonRust,Rust,False,IO,Single,Sequential,6000000,4.85
JsonRust,Rust,False,Total,Single,Sequential,5000000,131.74
JsonRust,Rust,False,CPU,Single,Sequential,5000000,127.60
JsonRust,Rust,False,IO,Single,Sequential,5000000,4.15
JsonRust,Rust,False,Total,Single,Sequential,4000000,105.48
JsonRust,Rust,False,CPU,Single,Sequential,4000000,102.02
JsonRust,Rust,False,IO,Single,Sequential,4000000,3.46
JsonRust,Rust,False,Total,Single,Sequential,3000000,79.41
JsonRust,Rust,False,CPU,Single,Sequential,3000000,76.67
JsonRust,Rust,False,IO,Single,Sequential,3000000,2.75
JsonRust,Rust,False,Total,Single,Sequential,2000000,53.37
JsonRust,Rust,False,CPU,Single,Sequential,2000000,51.32
JsonRust,Rust,False,IO,Single,Sequential,2000000,2.05
JsonRust,Rust,False,Total,Single,Sequential,1000000,26.98
JsonRust,Rust,False,CPU,Single,Sequential,1000000,25.52
JsonRust,Rust,False,IO,Single,Sequential,1000000,1.46
BincodeRust,Rust,True,Total,Single,Sequential,10000000,80.04
BincodeRust,Rust,True,CPU,Single,Sequential,10000000,74.49
BincodeRust,Rust,True,IO,Single,Sequential,10000000,5.55
BincodeRust,Rust,True,Total,Single,Sequential,9000000,71.95
BincodeRust,Rust,True,CPU,Single,Sequential,9000000,67.55
BincodeRust,Rust,True,IO,Single,Sequential,9000000,4.40
BincodeRust,Rust,True,Total,Single,Sequential,8000000,64.08
BincodeRust,Rust,True,CPU,Single,Sequential,8000000,59.95
BincodeRust,Rust,True,IO,Single,Sequential,8000000,4.13
BincodeRust,Rust,True,Total,Single,Sequential,7000000,56.24
BincodeRust,Rust,True,CPU,Single,Sequential,7000000,52.68
BincodeRust,Rust,True,IO,Single,Sequential,7000000,3.56
BincodeRust,Rust,True,Total,Single,Sequential,6000000,48.71
BincodeRust,Rust,True,CPU,Single,Sequential,6000000,45.37
BincodeRust,Rust,True,IO,Single,Sequential,6000000,3.34
BincodeRust,Rust,True,Total,Single,Sequential,5000000,40.86
BincodeRust,Rust,True,CPU,Single,Sequential,5000000,37.79
BincodeRust,Rust,True,IO,Single,Sequential,5000000,3.07
BincodeRust,Rust,True,Total,Single,Sequential,4000000,32.91
BincodeRust,Rust,True,CPU,Single,Sequential,4000000,30.21
BincodeRust,Rust,True,IO,Single,Sequential,4000000,2.70
BincodeRust,Rust,True,Total,Single,Sequential,3000000,25.06
BincodeRust,Rust,True,CPU,Single,Sequential,3000000,23.10
BincodeRust,Rust,True,IO,Single,Sequential,3000000,1.96
BincodeRust,Rust,True,Total,Single,Sequential,2000000,17.22
BincodeRust,Rust,True,CPU,Single,Sequential,2000000,15.31
BincodeRust,Rust,True,IO,Single,Sequential,2000000,1.92
BincodeRust,Rust,True,Total,Single,Sequential,1000000,9.41
BincodeRust,Rust,True,CPU,Single,Sequential,1000000,8.21
BincodeRust,Rust,True,IO,Single,Sequential,1000000,1.20
BincodeRust,Rust,False,Total,Single,Sequential,10000000,80.06
BincodeRust,Rust,False,CPU,Single,Sequential,10000000,75.75
BincodeRust,Rust,False,IO,Single,Sequential,10000000,4.31
BincodeRust,Rust,False,Total,Single,Sequential,9000000,72.77
BincodeRust,Rust,False,CPU,Single,Sequential,9000000,68.96
BincodeRust,Rust,False,IO,Single,Sequential,9000000,3.82
BincodeRust,Rust,False,Total,Single,Sequential,8000000,64.14
BincodeRust,Rust,False,CPU,Single,Sequential,8000000,60.65
BincodeRust,Rust,False,IO,Single,Sequential,8000000,3.49
BincodeRust,Rust,False,Total,Single,Sequential,7000000,56.65
BincodeRust,Rust,False,CPU,Single,Sequential,7000000,53.55
BincodeRust,Rust,False,IO,Single,Sequential,7000000,3.09
BincodeRust,Rust,False,Total,Single,Sequential,6000000,48.87
BincodeRust,Rust,False,CPU,Single,Sequential,6000000,46.05
BincodeRust,Rust,False,IO,Single,Sequential,6000000,2.82
BincodeRust,Rust,False,Total,Single,Sequential,5000000,40.41
BincodeRust,Rust,False,CPU,Single,Sequential,5000000,37.97
BincodeRust,Rust,False,IO,Single,Sequential,5000000,2.44
BincodeRust,Rust,False,Total,Single,Sequential,4000000,33.32
BincodeRust,Rust,False,CPU,Single,Sequential,4000000,31.27
BincodeRust,Rust,False,IO,Single,Sequential,4000000,2.05
BincodeRust,Rust,False,Total,Single,Sequential,3000000,25.14
BincodeRust,Rust,False,CPU,Single,Sequential,3000000,23.47
BincodeRust,Rust,False,IO,Single,Sequential,3000000,1.67
BincodeRust,Rust,False,Total,Single,Sequential,2000000,16.96
BincodeRust,Rust,False,CPU,Single,Sequential,2000000,15.61
BincodeRust,Rust,False,IO,Single,Sequential,2000000,1.35
BincodeRust,Rust,False,Total,Single,Sequential,1000000,8.81
BincodeRust,Rust,False,CPU,Single,Sequential,1000000,7.81
BincodeRust,Rust,False,IO,Single,Sequential,1000000,1.00
MessagePackRust,Rust,True,Total,Single,Sequential,10000000,148.75
MessagePackRust,Rust,True,CPU,Single,Sequential,10000000,144.45
MessagePackRust,Rust,True,IO,Single,Sequential,10000000,4.30
MessagePackRust,Rust,True,Total,Single,Sequential,9000000,134.21
MessagePackRust,Rust,True,CPU,Single,Sequential,9000000,130.79
MessagePackRust,Rust,True,IO,Single,Sequential,9000000,3.41
MessagePackRust,Rust,True,Total,Single,Sequential,8000000,119.80
MessagePackRust,Rust,True,CPU,Single,Sequential,8000000,116.58
MessagePackRust,Rust,True,IO,Single,Sequential,8000000,3.22
MessagePackRust,Rust,True,Total,Single,Sequential,7000000,104.97
MessagePackRust,Rust,True,CPU,Single,Sequential,7000000,101.84
MessagePackRust,Rust,True,IO,Single,Sequential,7000000,3.13
MessagePackRust,Rust,True,Total,Single,Sequential,6000000,90.38
MessagePackRust,Rust,True,CPU,Single,Sequential,6000000,87.80
MessagePackRust,Rust,True,IO,Single,Sequential,6000000,2.57
MessagePackRust,Rust,True,Total,Single,Sequential,5000000,75.30
MessagePackRust,Rust,True,CPU,Single,Sequential,5000000,72.65
MessagePackRust,Rust,True,IO,Single,Sequential,5000000,2.64
MessagePackRust,Rust,True,Total,Single,Sequential,4000000,60.53
MessagePackRust,Rust,True,CPU,Single,Sequential,4000000,58.50
MessagePackRust,Rust,True,IO,Single,Sequential,4000000,2.03
MessagePackRust,Rust,True,Total,Single,Sequential,3000000,45.85
MessagePackRust,Rust,True,CPU,Single,Sequential,3000000,43.80
MessagePackRust,Rust,True,IO,Single,Sequential,3000000,2.06
MessagePackRust,Rust,True,Total,Single,Sequential,2000000,31.22
MessagePackRust,Rust,True,CPU,Single,Sequential,2000000,29.78
MessagePackRust,Rust,True,IO,Single,Sequential,2000000,1.44
MessagePackRust,Rust,True,Total,Single,Sequential,1000000,16.39
MessagePackRust,Rust,True,CPU,Single,Sequential,1000000,15.06
MessagePackRust,Rust,True,IO,Single,Sequential,1000000,1.33
MessagePackRust,Rust,False,Total,Single,Sequential,10000000,150.05
MessagePackRust,Rust,False,CPU,Single,Sequential,10000000,146.57
MessagePackRust,Rust,False,IO,Single,Sequential,10000000,3.48
MessagePackRust,Rust,False,Total,Single,Sequential,9000000,134.88
MessagePackRust,Rust,False,CPU,Single,Sequential,9000000,131.67
MessagePackRust,Rust,False,IO,Single,Sequential,9000000,3.21
MessagePackRust,Rust,False,Total,Single,Sequential,8000000,119.95
MessagePackRust,Rust,False,CPU,Single,Sequential,8000000,116.94
MessagePackRust,Rust,False,IO,Single,Sequential,8000000,3.02
MessagePackRust,Rust,False,Total,Single,Sequential,7000000,105.55
MessagePackRust,Rust,False,CPU,Single,Sequential,7000000,102.94
MessagePackRust,Rust,False,IO,Single,Sequential,7000000,2.61
MessagePackRust,Rust,False,Total,Single,Sequential,6000000,90.19
MessagePackRust,Rust,False,CPU,Single,Sequential,6000000,87.95
MessagePackRust,Rust,False,IO,Single,Sequential,6000000,2.24
MessagePackRust,Rust,False,Total,Single,Sequential,5000000,76.04
MessagePackRust,Rust,False,CPU,Single,Sequential,5000000,73.98
MessagePackRust,Rust,False,IO,Single,Sequential,5000000,2.06
MessagePackRust,Rust,False,Total,Single,Sequential,4000000,60.63
MessagePackRust,Rust,False,CPU,Single,Sequential,4000000,58.83
MessagePackRust,Rust,False,IO,Single,Sequential,4000000,1.80
MessagePackRust,Rust,False,Total,Single,Sequential,3000000,46.21
MessagePackRust,Rust,False,CPU,Single,Sequential,3000000,44.67
MessagePackRust,Rust,False,IO,Single,Sequential,3000000,1.54
MessagePackRust,Rust,False,Total,Single,Sequential,2000000,30.94
MessagePackRust,Rust,False,CPU,Single,Sequential,2000000,29.72
MessagePackRust,Rust,False,IO,Single,Sequential,2000000,1.22
MessagePackRust,Rust,False,Total,Single,Sequential,1000000,15.94
MessagePackRust,Rust,False,CPU,Single,Sequential,1000000,15.05
MessagePackRust,Rust,False,IO,Single,Sequential,1000000,0.89
BsonRust,Rust,True,Total,Single,Sequential,10000000,749.92
BsonRust,Rust,True,CPU,Single,Sequential,10000000,740.63
BsonRust,Rust,True,IO,Single,Sequential,10000000,9.29
BsonRust,Rust,True,Total,Single,Sequential,9000000,675.37
BsonRust,Rust,True,CPU,Single,Sequential,9000000,668.32
BsonRust,Rust,True,IO,Single,Sequential,9000000,7.05
BsonRust,Rust,True,Total,Single,Sequential,8000000,614.42
BsonRust,Rust,True,CPU,Single,Sequential,8000000,608.13
BsonRust,Rust,True,IO,Single,Sequential,8000000,6.29
BsonRust,Rust,True,Total,Single,Sequential,7000000,525.48
BsonRust,Rust,True,CPU,Single,Sequential,7000000,519.83
BsonRust,Rust,True,IO,Single,Sequential,7000000,5.65
BsonRust,Rust,True,Total,Single,Sequential,6000000,455.98
BsonRust,Rust,True,CPU,Single,Sequential,6000000,450.85
BsonRust,Rust,True,IO,Single,Sequential,6000000,5.13
BsonRust,Rust,True,Total,Single,Sequential,5000000,381.95
BsonRust,Rust,True,CPU,Single,Sequential,5000000,377.39
BsonRust,Rust,True,IO,Single,Sequential,5000000,4.56
BsonRust,Rust,True,Total,Single,Sequential,4000000,304.26
BsonRust,Rust,True,CPU,Single,Sequential,4000000,300.34
BsonRust,Rust,True,IO,Single,Sequential,4000000,3.92
BsonRust,Rust,True,Total,Single,Sequential,3000000,228.65
BsonRust,Rust,True,CPU,Single,Sequential,3000000,225.37
BsonRust,Rust,True,IO,Single,Sequential,3000000,3.28
BsonRust,Rust,True,Total,Single,Sequential,2000000,151.42
BsonRust,Rust,True,CPU,Single,Sequential,2000000,149.13
BsonRust,Rust,True,IO,Single,Sequential,2000000,2.28
BsonRust,Rust,True,Total,Single,Sequential,1000000,76.88
BsonRust,Rust,True,CPU,Single,Sequential,1000000,75.03
BsonRust,Rust,True,IO,Single,Sequential,1000000,1.85
BsonRust,Rust,False,Total,Single,Sequential,10000000,762.53
BsonRust,Rust,False,CPU,Single,Sequential,10000000,754.86
BsonRust,Rust,False,IO,Single,Sequential,10000000,7.66
BsonRust,Rust,False,Total,Single,Sequential,9000000,683.96
BsonRust,Rust,False,CPU,Single,Sequential,9000000,677.40
BsonRust,Rust,False,IO,Single,Sequential,9000000,6.55
BsonRust,Rust,False,Total,Single,Sequential,8000000,610.01
BsonRust,Rust,False,CPU,Single,Sequential,8000000,604.05
BsonRust,Rust,False,IO,Single,Sequential,8000000,5.96
BsonRust,Rust,False,Total,Single,Sequential,7000000,533.45
BsonRust,Rust,False,CPU,Single,Sequential,7000000,528.48
BsonRust,Rust,False,IO,Single,Sequential,7000000,4.97
BsonRust,Rust,False,Total,Single,Sequential,6000000,451.03
BsonRust,Rust,False,CPU,Single,Sequential,6000000,446.48
BsonRust,Rust,False,IO,Single,Sequential,6000000,4.55
BsonRust,Rust,False,Total,Single,Sequential,5000000,375.65
BsonRust,Rust,False,CPU,Single,Sequential,5000000,371.56
BsonRust,Rust,False,IO,Single,Sequential,5000000,4.09
BsonRust,Rust,False,Total,Single,Sequential,4000000,300.63
BsonRust,Rust,False,CPU,Single,Sequential,4000000,297.08
BsonRust,Rust,False,IO,Single,Sequential,4000000,3.55
BsonRust,Rust,False,Total,Single,Sequential,3000000,227.05
BsonRust,Rust,False,CPU,Single,Sequential,3000000,224.37
BsonRust,Rust,False,IO,Single,Sequential,3000000,2.68
BsonRust,Rust,False,Total,Single,Sequential,2000000,152.82
BsonRust,Rust,False,CPU,Single,Sequential,2000000,150.85
BsonRust,Rust,False,IO,Single,Sequential,2000000,1.97
BsonRust,Rust,False,Total,Single,Sequential,1000000,76.77
BsonRust,Rust,False,CPU,Single,Sequential,1000000,75.45
BsonRust,Rust,False,IO,Single,Sequential,1000000,1.31
FlexBufRust,Rust,True,Total,Single,Sequential,10000000,315.04
FlexBufRust,Rust,True,CPU,Single,Sequential,10000000,305.98
FlexBufRust,Rust,True,IO,Single,Sequential,10000000,9.06
FlexBufRust,Rust,True,Total,Single,Sequential,9000000,283.39
FlexBufRust,Rust,True,CPU,Single,Sequential,9000000,277.19
FlexBufRust,Rust,True,IO,Single,Sequential,9000000,6.20
FlexBufRust,Rust,True,Total,Single,Sequential,8000000,251.98
FlexBufRust,Rust,True,CPU,Single,Sequential,8000000,246.28
FlexBufRust,Rust,True,IO,Single,Sequential,8000000,5.70
FlexBufRust,Rust,True,Total,Single,Sequential,7000000,221.09
FlexBufRust,Rust,True,CPU,Single,Sequential,7000000,215.63
FlexBufRust,Rust,True,IO,Single,Sequential,7000000,5.46
FlexBufRust,Rust,True,Total,Single,Sequential,6000000,188.64
FlexBufRust,Rust,True,CPU,Single,Sequential,6000000,183.62
FlexBufRust,Rust,True,IO,Single,Sequential,6000000,5.02
FlexBufRust,Rust,True,Total,Single,Sequential,5000000,158.25
FlexBufRust,Rust,True,CPU,Single,Sequential,5000000,153.91
FlexBufRust,Rust,True,IO,Single,Sequential,5000000,4.34
FlexBufRust,Rust,True,Total,Single,Sequential,4000000,130.08
FlexBufRust,Rust,True,CPU,Single,Sequential,4000000,126.34
FlexBufRust,Rust,True,IO,Single,Sequential,4000000,3.74
FlexBufRust,Rust,True,Total,Single,Sequential,3000000,97.73
FlexBufRust,Rust,True,CPU,Single,Sequential,3000000,94.59
FlexBufRust,Rust,True,IO,Single,Sequential,3000000,3.14
FlexBufRust,Rust,True,Total,Single,Sequential,2000000,64.40
FlexBufRust,Rust,True,CPU,Single,Sequential,2000000,61.84
FlexBufRust,Rust,True,IO,Single,Sequential,2000000,2.56
FlexBufRust,Rust,True,Total,Single,Sequential,1000000,33.24
FlexBufRust,Rust,True,CPU,Single,Sequential,1000000,31.40
FlexBufRust,Rust,True,IO,Single,Sequential,1000000,1.84
FlexBufRust,Rust,False,Total,Single,Sequential,10000000,316.88
FlexBufRust,Rust,False,CPU,Single,Sequential,10000000,310.02
FlexBufRust,Rust,False,IO,Single,Sequential,10000000,6.87
FlexBufRust,Rust,False,Total,Single,Sequential,9000000,283.87
FlexBufRust,Rust,False,CPU,Single,Sequential,9000000,277.93
FlexBufRust,Rust,False,IO,Single,Sequential,9000000,5.94
FlexBufRust,Rust,False,Total,Single,Sequential,8000000,257.65
FlexBufRust,Rust,False,CPU,Single,Sequential,8000000,252.21
FlexBufRust,Rust,False,IO,Single,Sequential,8000000,5.44
FlexBufRust,Rust,False,Total,Single,Sequential,7000000,221.70
FlexBufRust,Rust,False,CPU,Single,Sequential,7000000,216.70
FlexBufRust,Rust,False,IO,Single,Sequential,7000000,5.00
FlexBufRust,Rust,False,Total,Single,Sequential,6000000,194.04
FlexBufRust,Rust,False,CPU,Single,Sequential,6000000,189.80
FlexBufRust,Rust,False,IO,Single,Sequential,6000000,4.25
FlexBufRust,Rust,False,Total,Single,Sequential,5000000,158.36
FlexBufRust,Rust,False,CPU,Single,Sequential,5000000,154.66
FlexBufRust,Rust,False,IO,Single,Sequential,5000000,3.70
FlexBufRust,Rust,False,Total,Single,Sequential,4000000,129.79
FlexBufRust,Rust,False,CPU,Single,Sequential,4000000,126.64
FlexBufRust,Rust,False,IO,Single,Sequential,4000000,3.15
FlexBufRust,Rust,False,Total,Single,Sequential,3000000,95.54
FlexBufRust,Rust,False,CPU,Single,Sequential,3000000,93.04
FlexBufRust,Rust,False,IO,Single,Sequential,3000000,2.51
FlexBufRust,Rust,False,Total,Single,Sequential,2000000,65.76
FlexBufRust,Rust,False,CPU,Single,Sequential,2000000,63.80
FlexBufRust,Rust,False,IO,Single,Sequential,2000000,1.96
FlexBufRust,Rust,False,Total,Single,Sequential,1000000,33.46
FlexBufRust,Rust,False,CPU,Single,Sequential,1000000,31.97
FlexBufRust,Rust,False,IO,Single,Sequential,1000000,1.49
