"language","taskset","method","seq","datatype","iotime","totaltime","size"
"[ReadTimeCPP]","false","C++ HandCoded","true","TweetStatus",9.27932,7.18110333333333,1e+06
"[ReadTimeCPP]","true","C++ HandCoded","true","TweetStatus",9.75331,6.64715666666667,1e+06
"[ReadTimeCPP]","false","C++ HandCoded","false","TweetStatus",1256.11,13.2166666666667,1e+06
"[ReadTimeCPP]","true","C++ HandCoded","false","TweetStatus",1240.49,11.3033333333334,1e+06
"[ReadTimeCPP]","false","C++ inPlace","true","TweetStatus",23.0899,0.0959666666666668,1e+06
"[ReadTimeCPP]","true","C++ inPlace","true","TweetStatus",24.1799,0.102166666666667,1e+06
"[ReadTimeCPP]","false","C++ inPlace","false","TweetStatus",1892.43,1.34666666666665,1e+06
"[ReadTimeCPP]","true","C++ inPlace","false","TweetStatus",1875.4,1.32999999999993,1e+06
"[ReadTimeCPP]","false","C++ Boost","true","TweetStatus",4.27052,39.3824366666667,1e+06
"[ReadTimeCPP]","true","C++ Boost","true","TweetStatus",3.3786,39.64947,1e+06
"[ReadTimeCPP]","false","C++ Boost","false","TweetStatus",1319.72,51.5133333333333,1e+06
"[ReadTimeCPP]","true","C++ Boost","false","TweetStatus",1316.61,52.2533333333334,1e+06
"[ReadTimeCPP]","false","C++ ProtoBuf","true","TweetStatus",4.7784,12.9826866666667,1e+06
"[ReadTimeCPP]","true","C++ ProtoBuf","true","TweetStatus",6.52018,13.4838,1e+06
"[ReadTimeCPP]","false","C++ ProtoBuf","false","TweetStatus",1156.84,20.2966666666666,1e+06
"[ReadTimeCPP]","true","C++ ProtoBuf","false","TweetStatus",1128.04,19.6566666666666,1e+06
"[ReadTimeCPP]","false","C++ Bson","true","TweetStatus",9.99248,270.88992,1e+06
"[ReadTimeCPP]","true","C++ Bson","true","TweetStatus",10.4472,266.970503333333,1e+06
"[ReadTimeCPP]","false","C++ Bson","false","TweetStatus",2993,292.863333333333,1e+06
"[ReadTimeCPP]","true","C++ Bson","false","TweetStatus",2974.19,286.656666666667,1e+06
"[ReadTimeCPP]","false","C++ FlatBuffers","true","TweetStatus",17.4263,6.0656,1e+06
"[ReadTimeCPP]","true","C++ FlatBuffers","true","TweetStatus",17.254,5.1372,1e+06
"[ReadTimeCPP]","false","C++ FlatBuffers","false","TweetStatus",1813.8,11.6533333333333,1e+06
"[ReadTimeCPP]","true","C++ FlatBuffers","false","TweetStatus",1816.42,10.33,1e+06
"[ReadTimeCPP]","false","C++ HandCoded","true","TweetStatus",21.4884,12.1989666666667,2e+06
"[ReadTimeCPP]","true","C++ HandCoded","true","TweetStatus",24.6512,12.5174,2e+06
"[ReadTimeCPP]","false","C++ HandCoded","false","TweetStatus",1301.48,29.7366666666667,2e+06
"[ReadTimeCPP]","true","C++ HandCoded","false","TweetStatus",1275.05,25.5966666666667,2e+06
"[ReadTimeCPP]","false","C++ inPlace","true","TweetStatus",46.5881,0.188299999999998,2e+06
"[ReadTimeCPP]","true","C++ inPlace","true","TweetStatus",50.4727,0.190333333333333,2e+06
"[ReadTimeCPP]","false","C++ inPlace","false","TweetStatus",1979.14,2.46999999999995,2e+06
"[ReadTimeCPP]","true","C++ inPlace","false","TweetStatus",1959.99,2.38000000000003,2e+06
"[ReadTimeCPP]","false","C++ Boost","true","TweetStatus",8.15015,80.1832866666667,2e+06
"[ReadTimeCPP]","true","C++ Boost","true","TweetStatus",6.4592,79.73209,2e+06
"[ReadTimeCPP]","false","C++ Boost","false","TweetStatus",1384.45,108.526666666667,2e+06
"[ReadTimeCPP]","true","C++ Boost","false","TweetStatus",1373.68,100.913333333333,2e+06
"[ReadTimeCPP]","false","C++ ProtoBuf","true","TweetStatus",10.5368,25.7869333333333,2e+06
"[ReadTimeCPP]","true","C++ ProtoBuf","true","TweetStatus",9.88768,26.4641466666667,2e+06
"[ReadTimeCPP]","false","C++ ProtoBuf","false","TweetStatus",1185.31,46.9366666666666,2e+06
"[ReadTimeCPP]","true","C++ ProtoBuf","false","TweetStatus",1170.29,40.5200000000001,2e+06
"[ReadTimeCPP]","false","C++ Bson","true","TweetStatus",17.6678,532.1808,2e+06
"[ReadTimeCPP]","true","C++ Bson","true","TweetStatus",20.8933,535.0961,2e+06
"[ReadTimeCPP]","false","C++ Bson","false","TweetStatus",7533.22,579.69,2e+06
"[ReadTimeCPP]","true","C++ Bson","false","TweetStatus",7560.17,576.003333333333,2e+06
"[ReadTimeCPP]","false","C++ FlatBuffers","true","TweetStatus",35.9689,10.2636666666667,2e+06
"[ReadTimeCPP]","true","C++ FlatBuffers","true","TweetStatus",36.6332,10.1885,2e+06
"[ReadTimeCPP]","false","C++ FlatBuffers","false","TweetStatus",1887.81,22.9966666666667,2e+06
"[ReadTimeCPP]","true","C++ FlatBuffers","false","TweetStatus",1880.37,18.6033333333335,2e+06
"[ReadTimeCPP]","false","C++ HandCoded","true","TweetStatus",30.0716,19.3222,3e+06
"[ReadTimeCPP]","true","C++ HandCoded","true","TweetStatus",28.5124,18.3467,3e+06
"[ReadTimeCPP]","false","C++ HandCoded","false","TweetStatus",1287.61,48.1400000000001,3e+06
"[ReadTimeCPP]","true","C++ HandCoded","false","TweetStatus",1254.74,35.9933333333333,3e+06
"[ReadTimeCPP]","false","C++ inPlace","true","TweetStatus",71.8665,0.291499999999994,3e+06
"[ReadTimeCPP]","true","C++ inPlace","true","TweetStatus",70.4293,0.305833333333332,3e+06
"[ReadTimeCPP]","false","C++ inPlace","false","TweetStatus",1990.48,3.47333333333328,3e+06
"[ReadTimeCPP]","true","C++ inPlace","false","TweetStatus",1967.14,3.44666666666656,3e+06
"[ReadTimeCPP]","false","C++ Boost","true","TweetStatus",14.0089,121.780566666667,3e+06
"[ReadTimeCPP]","true","C++ Boost","true","TweetStatus",13.601,124.379966666667,3e+06
"[ReadTimeCPP]","false","C++ Boost","false","TweetStatus",1379.63,157.356666666667,3e+06
"[ReadTimeCPP]","true","C++ Boost","false","TweetStatus",1363.06,146.416666666667,3e+06
"[ReadTimeCPP]","false","C++ ProtoBuf","true","TweetStatus",15.2507,40.5581666666667,3e+06
"[ReadTimeCPP]","true","C++ ProtoBuf","true","TweetStatus",14.8456,38.8496666666667,3e+06
"[ReadTimeCPP]","false","C++ ProtoBuf","false","TweetStatus",1215.48,68.26,3e+06
"[ReadTimeCPP]","true","C++ ProtoBuf","false","TweetStatus",1206.16,59.1233333333333,3e+06
"[ReadTimeCPP]","false","C++ Bson","true","TweetStatus",33.7139,805.515366666667,3e+06
"[ReadTimeCPP]","true","C++ Bson","true","TweetStatus",33.0221,799.9638,3e+06
"[ReadTimeCPP]","false","C++ Bson","false","TweetStatus",22246.1,902.6,3e+06
"[ReadTimeCPP]","true","C++ Bson","false","TweetStatus",22524.6,904.733333333335,3e+06
"[ReadTimeCPP]","false","C++ FlatBuffers","true","TweetStatus",55.7335,16.1895,3e+06
"[ReadTimeCPP]","true","C++ FlatBuffers","true","TweetStatus",55.5845,16.5328666666667,3e+06
"[ReadTimeCPP]","false","C++ FlatBuffers","false","TweetStatus",1968.74,32.78,3e+06
"[ReadTimeCPP]","true","C++ FlatBuffers","false","TweetStatus",1929.41,27.2033333333332,3e+06
"[ReadTimeCPP]","false","C++ HandCoded","true","TweetStatus",37.8294,30.3844,4e+06
"[ReadTimeCPP]","true","C++ HandCoded","true","TweetStatus",42.2955,24.6723333333333,4e+06
"[ReadTimeCPP]","false","C++ HandCoded","false","TweetStatus",1305.76,53.79,4e+06
"[ReadTimeCPP]","true","C++ HandCoded","false","TweetStatus",1277.74,47.46,4e+06
"[ReadTimeCPP]","false","C++ inPlace","true","TweetStatus",102.473,0.383300000000006,4e+06
"[ReadTimeCPP]","true","C++ inPlace","true","TweetStatus",100.445,0.387766666666669,4e+06
"[ReadTimeCPP]","false","C++ inPlace","false","TweetStatus",2060.99,4.54333333333337,4e+06
"[ReadTimeCPP]","true","C++ inPlace","false","TweetStatus",2087.49,4.48666666666675,4e+06
"[ReadTimeCPP]","false","C++ Boost","true","TweetStatus",16.1518,165.6454,4e+06
"[ReadTimeCPP]","true","C++ Boost","true","TweetStatus",13.5767,160.135366666667,4e+06
"[ReadTimeCPP]","false","C++ Boost","false","TweetStatus",1416.23,196.603333333333,4e+06
"[ReadTimeCPP]","true","C++ Boost","false","TweetStatus",1381.51,191.253333333333,4e+06
"[ReadTimeCPP]","false","C++ ProtoBuf","true","TweetStatus",19.6551,61.1007666666667,4e+06
"[ReadTimeCPP]","true","C++ ProtoBuf","true","TweetStatus",20.7322,51.2444666666667,4e+06
"[ReadTimeCPP]","false","C++ ProtoBuf","false","TweetStatus",1841.61,77.8,4e+06
"[ReadTimeCPP]","true","C++ ProtoBuf","false","TweetStatus",1840.91,77.0699999999999,4e+06
"[ReadTimeCPP]","false","C++ Bson","true","TweetStatus",43.864,1078.97526666667,4e+06
"[ReadTimeCPP]","true","C++ Bson","true","TweetStatus",44.2496,1076.05263333333,4e+06
"[ReadTimeCPP]","false","C++ Bson","false","TweetStatus",46173.2,1250.03333333334,4e+06
"[ReadTimeCPP]","true","C++ Bson","false","TweetStatus",46005.9,1238.53333333333,4e+06
"[ReadTimeCPP]","false","C++ FlatBuffers","true","TweetStatus",71.3277,23.4386,4e+06
"[ReadTimeCPP]","true","C++ FlatBuffers","true","TweetStatus",75.5472,21.6773333333333,4e+06
"[ReadTimeCPP]","false","C++ FlatBuffers","false","TweetStatus",3357.65,37.4533333333334,4e+06
"[ReadTimeCPP]","true","C++ FlatBuffers","false","TweetStatus",3265.13,38.25,4e+06
"[ReadTimeCPP]","false","C++ HandCoded","true","TweetStatus",52.3475,31.9100333333333,5e+06
"[ReadTimeCPP]","true","C++ HandCoded","true","TweetStatus",47.379,34.4611666666667,5e+06
"[ReadTimeCPP]","false","C++ HandCoded","false","TweetStatus",6270.44,59.4100000000002,5e+06
"[ReadTimeCPP]","true","C++ HandCoded","false","TweetStatus",6263.02,59.5399999999997,5e+06
"[ReadTimeCPP]","false","C++ inPlace","true","TweetStatus",131.426,0.510333333333335,5e+06
"[ReadTimeCPP]","true","C++ inPlace","true","TweetStatus",129.725,0.50933333333334,5e+06
"[ReadTimeCPP]","false","C++ inPlace","false","TweetStatus",2164.69,5.54000000000019,5e+06
"[ReadTimeCPP]","true","C++ inPlace","false","TweetStatus",2220.83,5.49666666666659,5e+06
"[ReadTimeCPP]","false","C++ Boost","true","TweetStatus",17.6996,202.784133333333,5e+06
"[ReadTimeCPP]","true","C++ Boost","true","TweetStatus",20.0704,201.129633333333,5e+06
"[ReadTimeCPP]","false","C++ Boost","false","TweetStatus",7909.17,258.893333333333,5e+06
"[ReadTimeCPP]","true","C++ Boost","false","TweetStatus",7850.29,255.836666666667,5e+06
"[ReadTimeCPP]","false","C++ ProtoBuf","true","TweetStatus",22.2183,65.7727,5e+06
"[ReadTimeCPP]","true","C++ ProtoBuf","true","TweetStatus",21.7752,65.3162666666667,5e+06
"[ReadTimeCPP]","false","C++ ProtoBuf","false","TweetStatus",15457.1,116.7,5e+06
"[ReadTimeCPP]","true","C++ ProtoBuf","false","TweetStatus",15804.9,118.000000000001,5e+06
"[ReadTimeCPP]","false","C++ Bson","true","TweetStatus",-1,0,5e+06
"[ReadTimeCPP]","true","C++ Bson","true","TweetStatus",-1,0,5e+06
"[ReadTimeCPP]","false","C++ Bson","false","TweetStatus",-1,0,5e+06
"[ReadTimeCPP]","true","C++ Bson","false","TweetStatus",-1,0,5e+06
"[ReadTimeCPP]","false","C++ FlatBuffers","true","TweetStatus",98.07,26.7032333333333,5e+06
"[ReadTimeCPP]","true","C++ FlatBuffers","true","TweetStatus",98.8986,27.2730666666667,5e+06
"[ReadTimeCPP]","false","C++ FlatBuffers","false","TweetStatus",13788.1,53.4000000000002,5e+06
"[ReadTimeCPP]","true","C++ FlatBuffers","false","TweetStatus",13338.5,53,5e+06
"[ReadTimeJAVA]","true","Java Default","true","TweetStatus",29.070237334,351.697176149,1e+06
"[ReadTimeJAVA]","false","Java Default","true","TweetStatus",21.055724587,149.847989747,1e+06
"[ReadTimeJAVA]","true","Java Default","false","TweetStatus",1689.980438961,375.191252874333,1e+06
"[ReadTimeJAVA]","false","Java Default","false","TweetStatus",1650.239692589,167.417605436667,1e+06
"[ReadTimeJAVA]","true","Java Json+Gzip","true","TweetStatus",9.156162989,358.376931643,1e+06
"[ReadTimeJAVA]","false","Java Json+Gzip","true","TweetStatus",4.0580314,153.854036237333,1e+06
"[ReadTimeJAVA]","true","Java Json+Gzip","false","TweetStatus",477.15340133,362.320410211333,1e+06
"[ReadTimeJAVA]","false","Java Json+Gzip","false","TweetStatus",477.164978918,161.536815970667,1e+06
"[ReadTimeJAVA]","true","Java Bson","true","TweetStatus",38.469714138,239.491305916667,1e+06
"[ReadTimeJAVA]","false","Java Bson","true","TweetStatus",23.455912702,75.9019035903333,1e+06
"[ReadTimeJAVA]","true","Java Bson","false","TweetStatus",1815.408889349,262.908368813,1e+06
"[ReadTimeJAVA]","false","Java Bson","false","TweetStatus",1819.233217355,89.8284342496666,1e+06
"[ReadTimeJAVA]","true","Java ProtoBuf","true","TweetStatus",16.391916786,86.8706219623333,1e+06
"[ReadTimeJAVA]","false","Java ProtoBuf","true","TweetStatus",6.437955714,27.8327658453333,1e+06
"[ReadTimeJAVA]","true","Java ProtoBuf","false","TweetStatus",676.271737362,96.9619766026667,1e+06
"[ReadTimeJAVA]","false","Java ProtoBuf","false","TweetStatus",663.730049658,33.3754950133333,1e+06
"[ReadTimeJAVA]","true","Java Kryo","true","TweetStatus",13.336376814,87.0847426083333,1e+06
"[ReadTimeJAVA]","false","Java Kryo","true","TweetStatus",6.218461464,31.7910429763333,1e+06
"[ReadTimeJAVA]","true","Java Kryo","false","TweetStatus",648.277604008,97.0550705993333,1e+06
"[ReadTimeJAVA]","false","Java Kryo","false","TweetStatus",647.744958801,37.3661959146666,1e+06
"[ReadTimeJAVA]","true","Java Byte Buffer","true","TweetStatus",17.524786376,103.933244366,1e+06
"[ReadTimeJAVA]","false","Java Byte Buffer","true","TweetStatus",7.65176627,33.3604723886667,1e+06
"[ReadTimeJAVA]","true","Java Byte Buffer","false","TweetStatus",766.79063454,116.893348452,1e+06
"[ReadTimeJAVA]","false","Java Byte Buffer","false","TweetStatus",766.348047933,39.133401895,1e+06
"[ReadTimeJAVA]","true","Java FlatBuffers","true","TweetStatus",13.159734578,16.8636053406667,1e+06
"[ReadTimeJAVA]","false","Java FlatBuffers","true","TweetStatus",13.361654461,8.13471491966667,1e+06
"[ReadTimeJAVA]","true","Java FlatBuffers","false","TweetStatus",993.993567123,21.6247789026666,1e+06
"[ReadTimeJAVA]","false","Java FlatBuffers","false","TweetStatus",975.757470233,13.3800381183333,1e+06
"[ReadTimeJAVA]","true","Java Default","true","TweetStatus",53.399274726,653.747164968667,2e+06
"[ReadTimeJAVA]","false","Java Default","true","TweetStatus",41.413103274,295.987020768333,2e+06
"[ReadTimeJAVA]","true","Java Default","false","TweetStatus",4329.98947355,724.003321577333,2e+06
"[ReadTimeJAVA]","false","Java Default","false","TweetStatus",4441.732339273,357.179180246667,2e+06
"[ReadTimeJAVA]","true","Java Json+Gzip","true","TweetStatus",19.739128312,651.869932479333,2e+06
"[ReadTimeJAVA]","false","Java Json+Gzip","true","TweetStatus",7.327923697,297.016012639,2e+06
"[ReadTimeJAVA]","true","Java Json+Gzip","false","TweetStatus",527.638743069,661.454474766,2e+06
"[ReadTimeJAVA]","false","Java Json+Gzip","false","TweetStatus",519.476876926,308.207343151,2e+06
"[ReadTimeJAVA]","true","Java Bson","true","TweetStatus",81.707970665,431.324270324,2e+06
"[ReadTimeJAVA]","false","Java Bson","true","TweetStatus",36.591690585,146.043925807333,2e+06
"[ReadTimeJAVA]","true","Java Bson","false","TweetStatus",5255.079748606,478.717521788,2e+06
"[ReadTimeJAVA]","false","Java Bson","false","TweetStatus",5391.540924867,180.098604825667,2e+06
"[ReadTimeJAVA]","true","Java ProtoBuf","true","TweetStatus",33.479841339,167.1336099,2e+06
"[ReadTimeJAVA]","false","Java ProtoBuf","true","TweetStatus",13.588470098,55.6521298483333,2e+06
"[ReadTimeJAVA]","true","Java ProtoBuf","false","TweetStatus",717.482535443,187.663362423333,2e+06
"[ReadTimeJAVA]","false","Java ProtoBuf","false","TweetStatus",705.272832633,64.255402344,2e+06
"[ReadTimeJAVA]","true","Java Kryo","true","TweetStatus",30.812512298,169.785341030333,2e+06
"[ReadTimeJAVA]","false","Java Kryo","true","TweetStatus",13.231894673,64.160856688,2e+06
"[ReadTimeJAVA]","true","Java Kryo","false","TweetStatus",701.635769294,182.199711540333,2e+06
"[ReadTimeJAVA]","false","Java Kryo","false","TweetStatus",686.521147123,70.4388710086666,2e+06
"[ReadTimeJAVA]","true","Java Byte Buffer","true","TweetStatus",38.724308206,201.884622774333,2e+06
"[ReadTimeJAVA]","false","Java Byte Buffer","true","TweetStatus",16.683886371,69.4450431743333,2e+06
"[ReadTimeJAVA]","true","Java Byte Buffer","false","TweetStatus",835.779634131,221.782278977333,2e+06
"[ReadTimeJAVA]","false","Java Byte Buffer","false","TweetStatus",798.011027092,75.622150231,2e+06
"[ReadTimeJAVA]","true","Java FlatBuffers","true","TweetStatus",25.692790433,30.3768712043333,2e+06
"[ReadTimeJAVA]","false","Java FlatBuffers","true","TweetStatus",27.806229557,15.6363261163333,2e+06
"[ReadTimeJAVA]","true","Java FlatBuffers","false","TweetStatus",1046.130557362,43.9655230383333,2e+06
"[ReadTimeJAVA]","false","Java FlatBuffers","false","TweetStatus",1033.191514252,25.5881595630001,2e+06
"[ReadTimeJAVA]","true","Java Default","true","TweetStatus",82.741914478,1054.50688190367,3e+06
"[ReadTimeJAVA]","false","Java Default","true","TweetStatus",59.212504968,448.836239836,3e+06
"[ReadTimeJAVA]","true","Java Default","false","TweetStatus",11689.959200255,1183.44771011933,3e+06
"[ReadTimeJAVA]","false","Java Default","false","TweetStatus",11976.044912664,588.816676998333,3e+06
"[ReadTimeJAVA]","true","Java Json+Gzip","true","TweetStatus",31.316111376,1026.09083563867,3e+06
"[ReadTimeJAVA]","false","Java Json+Gzip","true","TweetStatus",11.600821451,450.014500244667,3e+06
"[ReadTimeJAVA]","true","Java Json+Gzip","false","TweetStatus",585.981415538,1042.67107938,3e+06
"[ReadTimeJAVA]","false","Java Json+Gzip","false","TweetStatus",565.299525699,463.780173209667,3e+06
"[ReadTimeJAVA]","true","Java Bson","true","TweetStatus",126.351453054,691.482545772333,3e+06
"[ReadTimeJAVA]","false","Java Bson","true","TweetStatus",67.553237214,230.214623146,3e+06
"[ReadTimeJAVA]","true","Java Bson","false","TweetStatus",13194.023382744,781.128264869,3e+06
"[ReadTimeJAVA]","false","Java Bson","false","TweetStatus",13798.872931635,294.437577531334,3e+06
"[ReadTimeJAVA]","true","Java ProtoBuf","true","TweetStatus",51.456914088,254.285848506333,3e+06
"[ReadTimeJAVA]","false","Java ProtoBuf","true","TweetStatus",22.473510772,86.1337600743333,3e+06
"[ReadTimeJAVA]","true","Java ProtoBuf","false","TweetStatus",785.273888274,300.675816743,3e+06
"[ReadTimeJAVA]","false","Java ProtoBuf","false","TweetStatus",758.14510632,100.231131885,3e+06
"[ReadTimeJAVA]","true","Java Kryo","true","TweetStatus",48.034146012,245.251796716667,3e+06
"[ReadTimeJAVA]","false","Java Kryo","true","TweetStatus",20.598310545,97.5586489083333,3e+06
"[ReadTimeJAVA]","true","Java Kryo","false","TweetStatus",762.900704621,277.640872430333,3e+06
"[ReadTimeJAVA]","false","Java Kryo","false","TweetStatus",742.150998486,105.12098367,3e+06
"[ReadTimeJAVA]","true","Java Byte Buffer","true","TweetStatus",59.868660968,304.740784147,3e+06
"[ReadTimeJAVA]","false","Java Byte Buffer","true","TweetStatus",25.075070206,105.431741284333,3e+06
"[ReadTimeJAVA]","true","Java Byte Buffer","false","TweetStatus",2073.591048226,331.439590680333,3e+06
"[ReadTimeJAVA]","false","Java Byte Buffer","false","TweetStatus",2223.143550554,123.384036278667,3e+06
"[ReadTimeJAVA]","true","Java FlatBuffers","true","TweetStatus",39.711848287,45.9310558596667,3e+06
"[ReadTimeJAVA]","false","Java FlatBuffers","true","TweetStatus",39.627361653,23.4180341626667,3e+06
"[ReadTimeJAVA]","true","Java FlatBuffers","false","TweetStatus",1108.914400639,67.74789691,3e+06
"[ReadTimeJAVA]","false","Java FlatBuffers","false","TweetStatus",1096.822907297,41.2186218566667,3e+06
"[ReadTimeJAVA]","true","Java Default","true","TweetStatus",123.320594463,1425.155900497,4e+06
"[ReadTimeJAVA]","false","Java Default","true","TweetStatus",76.206999083,584.697814539667,4e+06
"[ReadTimeJAVA]","true","Java Default","false","TweetStatus",23751.901300112,1684.333499734,4e+06
"[ReadTimeJAVA]","false","Java Default","false","TweetStatus",24378.657001767,849.371490139,4e+06
"[ReadTimeJAVA]","true","Java Json+Gzip","true","TweetStatus",44.768559338,1407.79773611367,4e+06
"[ReadTimeJAVA]","false","Java Json+Gzip","true","TweetStatus",15.396512187,598.175060889667,4e+06
"[ReadTimeJAVA]","true","Java Json+Gzip","false","TweetStatus",3821.678950144,1458.88848596933,4e+06
"[ReadTimeJAVA]","false","Java Json+Gzip","false","TweetStatus",4381.235534542,672.624397042333,4e+06
"[ReadTimeJAVA]","true","Java Bson","true","TweetStatus",182.700040694,955.953838154667,4e+06
"[ReadTimeJAVA]","false","Java Bson","true","TweetStatus",83.973025682,304.261152088667,4e+06
"[ReadTimeJAVA]","true","Java Bson","false","TweetStatus",25404.844571853,1076.89567567167,4e+06
"[ReadTimeJAVA]","false","Java Bson","false","TweetStatus",25646.565514336,425.682539100665,4e+06
"[ReadTimeJAVA]","true","Java ProtoBuf","true","TweetStatus",73.173684402,353.356213774333,4e+06
"[ReadTimeJAVA]","false","Java ProtoBuf","true","TweetStatus",29.011250705,121.708395281,4e+06
"[ReadTimeJAVA]","true","Java ProtoBuf","false","TweetStatus",5751.55788355,400.384737379333,4e+06
"[ReadTimeJAVA]","false","Java ProtoBuf","false","TweetStatus",5904.63918126,164.104196076333,4e+06
"[ReadTimeJAVA]","true","Java Kryo","true","TweetStatus",66.277575049,329.276256420667,4e+06
"[ReadTimeJAVA]","false","Java Kryo","true","TweetStatus",26.324094205,130.700833337333,4e+06
"[ReadTimeJAVA]","true","Java Kryo","false","TweetStatus",6447.001338228,380.854005179333,4e+06
"[ReadTimeJAVA]","false","Java Kryo","false","TweetStatus",6801.294115549,174.408986032333,4e+06
"[ReadTimeJAVA]","true","Java Byte Buffer","true","TweetStatus",83.329673505,426.21250923,4e+06
"[ReadTimeJAVA]","false","Java Byte Buffer","true","TweetStatus",39.441264874,231.247784255,4e+06
"[ReadTimeJAVA]","true","Java Byte Buffer","false","TweetStatus",12512.333784171,479.773185756667,4e+06
"[ReadTimeJAVA]","false","Java Byte Buffer","false","TweetStatus",13130.705616011,307.223413854999,4e+06
"[ReadTimeJAVA]","true","Java FlatBuffers","true","TweetStatus",55.660975337,62.614325311,4e+06
"[ReadTimeJAVA]","false","Java FlatBuffers","true","TweetStatus",54.562629233,32.729329034,4e+06
"[ReadTimeJAVA]","true","Java FlatBuffers","false","TweetStatus",1187.978237674,84.9151751623333,4e+06
"[ReadTimeJAVA]","false","Java FlatBuffers","false","TweetStatus",1131.711050527,50.2947375703332,4e+06
"[ReadTimeJAVA]","true","Java Default","true","TweetStatus",-1,0,5e+06
"[ReadTimeJAVA]","false","Java Default","true","TweetStatus",-1,0,5e+06
"[ReadTimeJAVA]","true","Java Default","false","TweetStatus",-1,0,5e+06
"[ReadTimeJAVA]","false","Java Default","false","TweetStatus",-1,0,5e+06
"[ReadTimeJAVA]","true","Java Json+Gzip","true","TweetStatus",-1,0,5e+06
"[ReadTimeJAVA]","false","Java Json+Gzip","true","TweetStatus",-1,0,5e+06
"[ReadTimeJAVA]","true","Java Json+Gzip","false","TweetStatus",-1,0,5e+06
"[ReadTimeJAVA]","false","Java Json+Gzip","false","TweetStatus",-1,0,5e+06
"[ReadTimeJAVA]","true","Java Bson","true","TweetStatus",-1,0,5e+06
"[ReadTimeJAVA]","false","Java Bson","true","TweetStatus",-1,0,5e+06
"[ReadTimeJAVA]","true","Java Bson","false","TweetStatus",-1,0,5e+06
"[ReadTimeJAVA]","false","Java Bson","false","TweetStatus",-1,0,5e+06
"[ReadTimeJAVA]","true","Java ProtoBuf","true","TweetStatus",-1,0,5e+06
"[ReadTimeJAVA]","false","Java ProtoBuf","true","TweetStatus",-1,0,5e+06
"[ReadTimeJAVA]","true","Java ProtoBuf","false","TweetStatus",-1,0,5e+06
"[ReadTimeJAVA]","false","Java ProtoBuf","false","TweetStatus",-1,0,5e+06
"[ReadTimeJAVA]","true","Java Kryo","true","TweetStatus",-1,0,5e+06
"[ReadTimeJAVA]","false","Java Kryo","true","TweetStatus",-1,0,5e+06
"[ReadTimeJAVA]","true","Java Kryo","false","TweetStatus",-1,0,5e+06
"[ReadTimeJAVA]","false","Java Kryo","false","TweetStatus",-1,0,5e+06
"[ReadTimeJAVA]","true","Java Byte Buffer","true","TweetStatus",-1,0,5e+06
"[ReadTimeJAVA]","false","Java Byte Buffer","true","TweetStatus",-1,0,5e+06
"[ReadTimeJAVA]","true","Java Byte Buffer","false","TweetStatus",-1,0,5e+06
"[ReadTimeJAVA]","false","Java Byte Buffer","false","TweetStatus",-1,0,5e+06
"[ReadTimeJAVA]","true","Java FlatBuffers","true","TweetStatus",62.737400754,70.0207844913333,5e+06
"[ReadTimeJAVA]","false","Java FlatBuffers","true","TweetStatus",66.937826479,34.01076059,5e+06
"[ReadTimeJAVA]","true","Java FlatBuffers","false","TweetStatus",1189.217524893,79.1982018600001,5e+06
"[ReadTimeJAVA]","false","Java FlatBuffers","false","TweetStatus",1144.274574986,44.2863776156667,5e+06
"[ReadTimeRUST]","true","Rust Json","true","TweetStatus",33.35999271,59.066606777,1e+06
"[ReadTimeRUST]","false","Rust Json","true","TweetStatus",33.592693153,53.590844621,1e+06
"[ReadTimeRUST]","true","Rust Json","false","TweetStatus",1368.902258696,93.384809892,1e+06
"[ReadTimeRUST]","false","Rust Json","false","TweetStatus",1484.399104094,79.780157423,1e+06
"[ReadTimeRUST]","true","Rust Bincode","true","TweetStatus",33.235938323,27.609833941,1e+06
"[ReadTimeRUST]","false","Rust Bincode","true","TweetStatus",28.038504969,27.913717076,1e+06
"[ReadTimeRUST]","true","Rust Bincode","false","TweetStatus",593.722125096,45.9424199809999,1e+06
"[ReadTimeRUST]","false","Rust Bincode","false","TweetStatus",570.315539385,38.4420470670001,1e+06
"[ReadTimeRUST]","true","Rust MessagePack","true","TweetStatus",28.773788024,31.937009191,1e+06
"[ReadTimeRUST]","false","Rust MessagePack","true","TweetStatus",25.480884794,30.269664524,1e+06
"[ReadTimeRUST]","true","Rust MessagePack","false","TweetStatus",447.586211734,44.348279731,1e+06
"[ReadTimeRUST]","false","Rust MessagePack","false","TweetStatus",442.813255652,43.677338528,1e+06
"[ReadTimeRUST]","true","Rust Bson","true","TweetStatus",35.142728217,161.980749813,1e+06
"[ReadTimeRUST]","false","Rust Bson","true","TweetStatus",36.759400497,157.319018765,1e+06
"[ReadTimeRUST]","true","Rust Bson","false","TweetStatus",1290.237660156,185.33847483,1e+06
"[ReadTimeRUST]","false","Rust Bson","false","TweetStatus",1292.396647038,190.847593607,1e+06
"[ReadTimeRUST]","true","Rust FlexBuffers","true","TweetStatus",46.368237781,57.870419955,1e+06
"[ReadTimeRUST]","false","Rust FlexBuffers","true","TweetStatus",34.142185758,53.598270785,1e+06
"[ReadTimeRUST]","true","Rust FlexBuffers","false","TweetStatus",1194.755584564,67.024298157,1e+06
"[ReadTimeRUST]","false","Rust FlexBuffers","false","TweetStatus",1235.981129991,63.557239296,1e+06
"[ReadTimeRUST]","true","Rust Json","true","TweetStatus",104.68138673,119.255277004,2e+06
"[ReadTimeRUST]","false","Rust Json","true","TweetStatus",99.778858092,112.437606932,2e+06
"[ReadTimeRUST]","true","Rust Json","false","TweetStatus",2987.68985142,163.265505116,2e+06
"[ReadTimeRUST]","false","Rust Json","false","TweetStatus",3010.153169195,167.277447618,2e+06
"[ReadTimeRUST]","true","Rust Bincode","true","TweetStatus",67.208318931,61.013686276,2e+06
"[ReadTimeRUST]","false","Rust Bincode","true","TweetStatus",63.883699388,58.101362388,2e+06
"ReadTimeRUST]","true","Rust Bincode","false","TweetStatus",653.743631609,79.919391202,2e+06
"[ReadTimeRUST]","false","Rust Bincode","false","TweetStatus",651.239672051,80.5040654180001,2e+06
"[ReadTimeRUST]","true","Rust MessagePack","true","TweetStatus",60.118593601,71.793375193,2e+06
"[ReadTimeRUST]","false","Rust MessagePack","true","TweetStatus",58.013455637,62.679357928,2e+06
"[ReadTimeRUST]","true","Rust MessagePack","false","TweetStatus",489.455044098,83.120418337,2e+06
"[ReadTimeRUST]","false","Rust MessagePack","false","TweetStatus",340.883307775,77.199246802,2e+06
"[ReadTimeRUST]","true","Rust Bson","true","TweetStatus",78.178722482,324.301571897,2e+06
"[ReadTimeRUST]","false","Rust Bson","true","TweetStatus",75.790474389,319.938985144,2e+06
"[ReadTimeRUST]","true","Rust Bson","false","TweetStatus",4115.910995597,395.198060933,2e+06
"[ReadTimeRUST]","false","Rust Bson","false","TweetStatus",4137.826089754,397.149769920999,2e+06
"[ReadTimeRUST]","true","Rust FlexBuffers","true","TweetStatus",94.46141386,122.240759869,2e+06
"[ReadTimeRUST]","false","Rust FlexBuffers","true","TweetStatus",86.275732942,106.154366506,2e+06
"[ReadTimeRUST]","true","Rust FlexBuffers","false","TweetStatus",1755.887638414,126.358937279,2e+06
"[ReadTimeRUST]","false","Rust FlexBuffers","false","TweetStatus",1809.329834732,128.106795328,2e+06
"[ReadTimeRUST]","true","Rust Json","true","TweetStatus",152.752226014,173.789501249,3e+06
"[ReadTimeRUST]","false","Rust Json","true","TweetStatus",153.049836881,169.481686902,3e+06
"[ReadTimeRUST]","true","Rust Json","false","TweetStatus",9182.90760302,296.247679171001,3e+06
"[ReadTimeRUST]","false","Rust Json","false","TweetStatus",9144.384800223,294.807156446999,3e+06
"[ReadTimeRUST]","true","Rust Bincode","true","TweetStatus",100.336759199,98.325737265,3e+06
"[ReadTimeRUST]","false","Rust Bincode","true","TweetStatus",101.611655099,85.504508503,3e+06
"[ReadTimeRUST]","true","Rust Bincode","false","TweetStatus",759.231990995,126.505381238,3e+06
"[ReadTimeRUST]","false","Rust Bincode","false","TweetStatus",690.711201317,118.291756518,3e+06
"[ReadTimeRUST]","true","Rust MessagePack","true","TweetStatus",91.3499792,108.79706021,3e+06
"[ReadTimeRUST]","false","Rust MessagePack","true","TweetStatus",90.408648219,99.120953574,3e+06
"[ReadTimeRUST]","true","Rust MessagePack","false","TweetStatus",604.829771258,133.857080709,3e+06
"[ReadTimeRUST]","false","Rust MessagePack","false","TweetStatus",548.246034856,119.34373857,3e+06
"[ReadTimeRUST]","true","Rust Bson","true","TweetStatus",116.35069654,483.003140581,3e+06
"[ReadTimeRUST]","false","Rust Bson","true","TweetStatus",117.304359375,479.239572606,3e+06
"[ReadTimeRUST]","true","Rust Bson","false","TweetStatus",14058.232723161,677.766791240001,3e+06
"[ReadTimeRUST]","false","Rust Bson","false","TweetStatus",13966.746964526,670.459239542999,3e+06
"[ReadTimeRUST]","true","Rust FlexBuffers","true","TweetStatus",138.377016891,175.511079572,3e+06
"[ReadTimeRUST]","false","Rust FlexBuffers","true","TweetStatus",134.404698919,163.154943528,3e+06
"[ReadTimeRUST]","true","Rust FlexBuffers","false","TweetStatus",6549.5324089,227.577070051,3e+06
"[ReadTimeRUST]","false","Rust FlexBuffers","false","TweetStatus",6518.650880588,230.797506817,3e+06
"[ReadTimeRUST]","true","Rust Json","true","TweetStatus",202.191538089,231.049510403,4e+06
"[ReadTimeRUST]","false","Rust Json","true","TweetStatus",173.183735848,224.822373736,4e+06
"[ReadTimeRUST]","true","Rust Json","false","TweetStatus",20886.969982936,465.384744350002,4e+06
"[ReadTimeRUST]","false","Rust Json","false","TweetStatus",21351.268413944,466.744890076003,4e+06
"[ReadTimeRUST]","true","Rust Bincode","true","TweetStatus",131.914838767,120.054743523,4e+06
"[ReadTimeRUST]","false","Rust Bincode","true","TweetStatus",132.537797764,113.524666833,4e+06
"[ReadTimeRUST]","true","Rust Bincode","false","TweetStatus",2486.151832785,176.596529517,4e+06
"[ReadTimeRUST]","false","Rust Bincode","false","TweetStatus",2630.586796726,170.800404903,4e+06
"[ReadTimeRUST]","true","Rust MessagePack","true","TweetStatus",120.408207131,140.449213943,4e+06
"[ReadTimeRUST]","false","Rust MessagePack","true","TweetStatus",116.102234479,125.603947716,4e+06
"[ReadTimeRUST]","true","Rust MessagePack","false","TweetStatus",911.558517024,184.618442362,4e+06
"[ReadTimeRUST]","false","Rust MessagePack","false","TweetStatus",851.62982521,159.528635482,4e+06
"[ReadTimeRUST]","true","Rust Bson","true","TweetStatus",156.573810752,646.284794786,4e+06
"[ReadTimeRUST]","false","Rust Bson","true","TweetStatus",153.00283516,640.819572412,4e+06
"[ReadTimeRUST]","true","Rust Bson","false","TweetStatus",28762.215019988,991.967329543997,4e+06
"[ReadTimeRUST]","false","Rust Bson","false","TweetStatus",28762.215019988,991.967329543997,4e+06
"[ReadTimeRUST]","true","Rust FlexBuffers","true","TweetStatus",181.335824628,219.788423277,4e+06
"[ReadTimeRUST]","false","Rust FlexBuffers","true","TweetStatus",178.965732686,216.318504852,4e+06
"[ReadTimeRUST]","true","Rust FlexBuffers","false","TweetStatus",17198.502084855,363.147901703,4e+06
"[ReadTimeRUST]","false","Rust FlexBuffers","false","TweetStatus",17128.29155806,353.089704062,4e+06
"[ReadTimeRUST]","true","Rust Json","true","TweetStatus",255.890423315,287.352750838,5e+06
"[ReadTimeRUST]","false","Rust Json","true","TweetStatus",254.6162749,282.89312831,5e+06
"[ReadTimeRUST]","true","Rust Json","false","TweetStatus",38157.443827201,642.911183548997,5e+06
"[ReadTimeRUST]","false","Rust Json","false","TweetStatus",38474.475662066,659.435435908999,5e+06
"[ReadTimeRUST]","true","Rust Bincode","true","TweetStatus",166.06969742,146.661636814,5e+06
"[ReadTimeRUST]","false","Rust Bincode","true","TweetStatus",166.212988132,143.651033832,5e+06
"[ReadTimeRUST]","true","Rust Bincode","false","TweetStatus",8022.451665025,271.109432419999,5e+06
"[ReadTimeRUST]","false","Rust Bincode","false","TweetStatus",8157.608674752,267.927636978,5e+06
"[ReadTimeRUST]","true","Rust MessagePack","true","TweetStatus",146.503682197,162.87250825,5e+06
"[ReadTimeRUST]","false","Rust MessagePack","true","TweetStatus",146.906556252,159.201608734,5e+06
"[ReadTimeRUST]","true","Rust MessagePack","false","TweetStatus",4403.638309734,249.051020549,5e+06
"[ReadTimeRUST]","false","Rust MessagePack","false","TweetStatus",3253.582912618,246.667255477,5e+06
"[ReadTimeRUST]","true","Rust Bson","true","TweetStatus",-1,0,5e+06
"[ReadTimeRUST]","false","Rust Bson","true","TweetStatus",-1,0,5e+06
"[ReadTimeRUST]","true","Rust Bson","false","TweetStatus",-1,0,5e+06
"[ReadTimeRUST]","false","Rust Bson","false","TweetStatus",-1,0,5e+06
"[ReadTimeRUST]","true","Rust FlexBuffers","true","TweetStatus",230.155415518,303.734592049,5e+06
"[ReadTimeRUST]","false","Rust FlexBuffers","true","TweetStatus",223.947835905,270.836932213,5e+06
"[ReadTimeRUST]","true","Rust FlexBuffers","false","TweetStatus",30956.67973993,493.507886742998,5e+06
"[ReadTimeRUST]","false","Rust FlexBuffers","false","TweetStatus",32349.847535884,494.465842603997,5e+06
